#! /opt/homebrew/Cellar/icarus-verilog/13.0/bin/vvp
:ivl_version "13.0 (stable)" "(v13_0)";
:ivl_delay_selection "TYPICAL";
:vpi_time_precision - 12;
:vpi_module "/opt/homebrew/Cellar/icarus-verilog/13.0/lib/ivl/system.vpi";
:vpi_module "/opt/homebrew/Cellar/icarus-verilog/13.0/lib/ivl/vhdl_sys.vpi";
:vpi_module "/opt/homebrew/Cellar/icarus-verilog/13.0/lib/ivl/vhdl_textio.vpi";
:vpi_module "/opt/homebrew/Cellar/icarus-verilog/13.0/lib/ivl/v2005_math.vpi";
:vpi_module "/opt/homebrew/Cellar/icarus-verilog/13.0/lib/ivl/va_math.vpi";
:vpi_module "/opt/homebrew/Cellar/icarus-verilog/13.0/lib/ivl/v2009.vpi";
S_0x12be15c30 .scope package, "$unit" "$unit" 2 1;
 .timescale 0 0;
S_0x12be3d630 .scope package, "rv32i_pkg" "rv32i_pkg" 3 1;
 .timescale 0 0;
P_0x12be2c6a0 .param/l "ILEN" 0 3 3, +C4<00000000000000000000000000100000>;
P_0x12be2c6e0 .param/l "NUM_REGS" 0 3 4, +C4<00000000000000000000000000100000>;
P_0x12be2c720 .param/l "REG_ADDR_LEN" 0 3 5, +C4<00000000000000000000000000000101>;
P_0x12be2c760 .param/l "XLEN" 0 3 2, +C4<00000000000000000000000000100000>;
enum0x12be068b0 .enum4 (7)
   "OPCODE_LOAD" 7'b0000011,
   "OPCODE_STORE" 7'b0100011,
   "OPCODE_FENCE" 7'b0001111,
   "OPCODE_BRANCH" 7'b1100011,
   "OPCODE_JAL" 7'b1101111,
   "OPCODE_JALR" 7'b1100111,
   "OPCODE_OP_IMM" 7'b0010011,
   "OPCODE_OP" 7'b0110011,
   "OPCODE_LUI" 7'b0110111,
   "OPCODE_AUIPC" 7'b0010111,
   "OPCODE_CSR" 7'b1110011
 ;
enum0x12be07980 .enum4 (4)
   "ALU_ADD" 4'b0000,
   "ALU_SUB" 4'b0001,
   "ALU_SLL" 4'b0010,
   "ALU_SLT" 4'b0011,
   "ALU_SLTU" 4'b0100,
   "ALU_XOR" 4'b0101,
   "ALU_SRL" 4'b0110,
   "ALU_SRA" 4'b0111,
   "ALU_OR" 4'b1000,
   "ALU_AND" 4'b1001,
   "ALU_PASS" 4'b1010
 ;
S_0x12be3d7a0 .scope module, "directed_tb" "directed_tb" 4 3;
 .timescale -9 -12;
v0x12be4ced0_0 .var "clk", 0 0;
v0x12be4cf60_0 .net "dmem_addr", 31 0, L_0x12be4f120;  1 drivers
v0x12be4d030_0 .net "dmem_rdata", 31 0, v0x12be482f0_0;  1 drivers
v0x12be4d100_0 .net "dmem_re", 0 0, L_0x12be4f370;  1 drivers
v0x12be4d1d0_0 .net "dmem_wdata", 31 0, L_0x12be4f210;  1 drivers
v0x12be4d2e0_0 .net "dmem_we", 0 0, L_0x12be4f300;  1 drivers
v0x12be4d3b0_0 .net "imem_addr", 31 0, L_0x12be4e090;  1 drivers
v0x12be4d480_0 .net "imem_instr", 31 0, L_0x12be4d830;  1 drivers
v0x12be4d550 .array "ref_rf", 31 0, 31 0;
v0x12be4d660_0 .var "rst_n", 0 0;
E_0x12be3a590 .event negedge, v0x12be45910_0;
S_0x12be3d910 .scope begin, "$ivl_for_loop1" "$ivl_for_loop1" 4 114, 4 114 0, S_0x12be3d7a0;
 .timescale -9 -12;
v0x12be3aa60_0 .var/2s "i", 31 0;
S_0x12be42c80 .scope module, "DUT" "core_single" 4 45, 5 5 0, S_0x12be3d7a0;
 .timescale -9 -12;
    .port_info 0 /INPUT 1 "clk";
    .port_info 1 /INPUT 1 "rst_n";
    .port_info 2 /OUTPUT 32 "imem_addr";
    .port_info 3 /INPUT 32 "imem_instr";
    .port_info 4 /OUTPUT 32 "dmem_addr";
    .port_info 5 /OUTPUT 32 "dmem_wdata";
    .port_info 6 /OUTPUT 1 "dmem_we";
    .port_info 7 /OUTPUT 1 "dmem_re";
    .port_info 8 /INPUT 32 "dmem_rdata";
L_0x12be4dd10 .functor AND 1, v0x12be44170_0, v0x12be435a0_0, C4<1>, C4<1>;
L_0x12be4df60 .functor BUFZ 32, L_0x12be4d830, C4<00000000000000000000000000000000>, C4<00000000000000000000000000000000>, C4<00000000000000000000000000000000>;
L_0x12be4e090 .functor BUFZ 32, v0x12be46fc0_0, C4<00000000000000000000000000000000>, C4<00000000000000000000000000000000>, C4<00000000000000000000000000000000>;
L_0x12be4f120 .functor BUFZ 32, v0x12be434f0_0, C4<00000000000000000000000000000000>, C4<00000000000000000000000000000000>, C4<00000000000000000000000000000000>;
L_0x12be4f210 .functor BUFZ 32, L_0x12be4ebb0, C4<00000000000000000000000000000000>, C4<00000000000000000000000000000000>, C4<00000000000000000000000000000000>;
L_0x12be4f300 .functor BUFZ 1, v0x12be443a0_0, C4<0>, C4<0>, C4<0>;
L_0x12be4f370 .functor BUFZ 1, v0x12be44220_0, C4<0>, C4<0>, C4<0>;
L_0x130080058 .functor BUFT 1, C4<00000000000000000000000000000100>, C4<0>, C4<0>, C4<0>;
v0x12be460d0_0 .net/2u *"_ivl_0", 31 0, L_0x130080058;  1 drivers
v0x12be46190_0 .net *"_ivl_7", 0 0, L_0x12be4dd10;  1 drivers
v0x12be46230_0 .net "alu_ctrl", 3 0, v0x12be439a0_0;  1 drivers
v0x12be46300_0 .net "alu_op", 1 0, v0x12be44010_0;  1 drivers
v0x12be463d0_0 .net "alu_rslt", 31 0, v0x12be434f0_0;  1 drivers
v0x12be464a0_0 .net "alu_src", 0 0, v0x12be440e0_0;  1 drivers
v0x12be46530_0 .net "alu_src_b", 31 0, L_0x12be4f080;  1 drivers
v0x12be465c0_0 .net "branch", 0 0, v0x12be44170_0;  1 drivers
v0x12be46670_0 .net "clk", 0 0, v0x12be4ced0_0;  1 drivers
v0x12be467a0_0 .net "dmem_addr", 31 0, L_0x12be4f120;  alias, 1 drivers
v0x12be46830_0 .net "dmem_rdata", 31 0, v0x12be482f0_0;  alias, 1 drivers
v0x12be468c0_0 .net "dmem_re", 0 0, L_0x12be4f370;  alias, 1 drivers
v0x12be46950_0 .net "dmem_wdata", 31 0, L_0x12be4f210;  alias, 1 drivers
v0x12be469e0_0 .net "dmem_we", 0 0, L_0x12be4f300;  alias, 1 drivers
v0x12be46a70_0 .net "imem_addr", 31 0, L_0x12be4e090;  alias, 1 drivers
v0x12be46b10_0 .net "imem_instr", 31 0, L_0x12be4d830;  alias, 1 drivers
v0x12be46bc0_0 .net "imm_ext", 31 0, v0x12be44920_0;  1 drivers
v0x12be46d80_0 .net "instr", 31 0, L_0x12be4df60;  1 drivers
v0x12be46e10_0 .net "mem_read", 0 0, v0x12be44220_0;  1 drivers
v0x12be46ea0_0 .net "mem_to_reg", 0 0, v0x12be442c0_0;  1 drivers
v0x12be46f30_0 .net "mem_write", 0 0, v0x12be443a0_0;  1 drivers
v0x12be46fc0_0 .var "pc", 31 0;
v0x12be47050_0 .net "pc_next", 31 0, L_0x12be4de00;  1 drivers
v0x12be470e0_0 .net "pc_plus_4", 31 0, L_0x12be4dad0;  1 drivers
v0x12be47190_0 .net "pc_target", 31 0, L_0x12be4dbd0;  1 drivers
v0x12be47240_0 .net "reg_write", 0 0, v0x12be444f0_0;  1 drivers
v0x12be47310_0 .net "rs1_data", 31 0, L_0x12be4e720;  1 drivers
v0x12be473f0_0 .net "rs2_data", 31 0, L_0x12be4ebb0;  1 drivers
v0x12be47480_0 .net "rst_n", 0 0, v0x12be4d660_0;  1 drivers
v0x12be47530_0 .net "wbdata", 31 0, L_0x12be4f420;  1 drivers
v0x12be475e0_0 .net "zero", 0 0, v0x12be435a0_0;  1 drivers
L_0x12be4dad0 .arith/sum 32, v0x12be46fc0_0, L_0x130080058;
L_0x12be4dbd0 .arith/sum 32, v0x12be46fc0_0, v0x12be44920_0;
L_0x12be4de00 .functor MUXZ 32, L_0x12be4dad0, L_0x12be4dbd0, L_0x12be4dd10, C4<>;
L_0x12be4e180 .part L_0x12be4df60, 0, 7;
L_0x12be4e220 .part L_0x12be4df60, 25, 7;
L_0x12be4e340 .part L_0x12be4df60, 12, 3;
L_0x12be4ed50 .part L_0x12be4df60, 15, 5;
L_0x12be4edf0 .part L_0x12be4df60, 20, 5;
L_0x12be4ee90 .part L_0x12be4df60, 7, 5;
L_0x12be4f080 .functor MUXZ 32, L_0x12be4ebb0, v0x12be44920_0, v0x12be440e0_0, C4<>;
L_0x12be4f420 .functor MUXZ 32, v0x12be434f0_0, v0x12be482f0_0, v0x12be442c0_0, C4<>;
S_0x12be42fc0 .scope module, "u_alu" "alu" 5 97, 6 1 0, S_0x12be42c80;
 .timescale 0 0;
    .port_info 0 /INPUT 32 "a";
    .port_info 1 /INPUT 32 "b";
    .port_info 2 /INPUT 4 "ctrl";
    .port_info 3 /OUTPUT 1 "zero";
    .port_info 4 /OUTPUT 32 "result";
v0x12be432c0_0 .net "a", 31 0, L_0x12be4e720;  alias, 1 drivers
v0x12be43380_0 .net "b", 31 0, L_0x12be4f080;  alias, 1 drivers
v0x12be43430_0 .net "ctrl", 3 0, v0x12be439a0_0;  alias, 1 drivers
v0x12be434f0_0 .var "result", 31 0;
v0x12be435a0_0 .var "zero", 0 0;
E_0x12be43250 .event anyedge, v0x12be43430_0, v0x12be432c0_0, v0x12be43380_0;
S_0x12be43700 .scope module, "u_alu_ctrl" "alu_control" 5 71, 7 1 0, S_0x12be42c80;
 .timescale 0 0;
    .port_info 0 /INPUT 2 "alu_op";
    .port_info 1 /INPUT 7 "funct7";
    .port_info 2 /INPUT 3 "funct3";
    .port_info 3 /OUTPUT 4 "alu_ctrl";
v0x12be439a0_0 .var "alu_ctrl", 3 0;
v0x12be43a50_0 .net "alu_op", 1 0, v0x12be44010_0;  alias, 1 drivers
v0x12be43af0_0 .net "funct3", 2 0, L_0x12be4e340;  1 drivers
v0x12be43bb0_0 .net "funct7", 6 0, L_0x12be4e220;  1 drivers
E_0x12be43940 .event anyedge, v0x12be43a50_0, v0x12be43bb0_0, v0x12be43af0_0;
S_0x12be43cc0 .scope module, "u_ctrl" "control_unit" 5 59, 8 1 0, S_0x12be42c80;
 .timescale 0 0;
    .port_info 0 /INPUT 7 "opcode";
    .port_info 1 /OUTPUT 1 "branch";
    .port_info 2 /OUTPUT 1 "mem_read";
    .port_info 3 /OUTPUT 1 "mem_to_reg";
    .port_info 4 /OUTPUT 2 "alu_op";
    .port_info 5 /OUTPUT 1 "mem_write";
    .port_info 6 /OUTPUT 1 "alu_src";
    .port_info 7 /OUTPUT 1 "reg_write";
v0x12be44010_0 .var "alu_op", 1 0;
v0x12be440e0_0 .var "alu_src", 0 0;
v0x12be44170_0 .var "branch", 0 0;
v0x12be44220_0 .var "mem_read", 0 0;
v0x12be442c0_0 .var "mem_to_reg", 0 0;
v0x12be443a0_0 .var "mem_write", 0 0;
v0x12be44440_0 .net "opcode", 6 0, L_0x12be4e180;  1 drivers
v0x12be444f0_0 .var "reg_write", 0 0;
E_0x12be43fc0 .event anyedge, v0x12be44440_0;
S_0x12be44650 .scope module, "u_imm_gen" "imm_gen" 5 108, 9 3 0, S_0x12be42c80;
 .timescale 0 0;
    .port_info 0 /INPUT 32 "instr";
    .port_info 1 /OUTPUT 32 "signext_imm";
v0x12be44860_0 .net "instr", 31 0, L_0x12be4df60;  alias, 1 drivers
v0x12be44920_0 .var "signext_imm", 31 0;
E_0x12be44810 .event anyedge, v0x12be44860_0;
S_0x12be44a00 .scope module, "u_rf" "reg_file" 5 80, 10 1 0, S_0x12be42c80;
 .timescale 0 0;
    .port_info 0 /INPUT 1 "clk";
    .port_info 1 /INPUT 1 "rst_n";
    .port_info 2 /INPUT 1 "reg_write";
    .port_info 3 /INPUT 5 "rs1";
    .port_info 4 /INPUT 5 "rs2";
    .port_info 5 /INPUT 5 "rd";
    .port_info 6 /INPUT 32 "write_data";
    .port_info 7 /OUTPUT 32 "read_data1";
    .port_info 8 /OUTPUT 32 "read_data2";
L_0x1300800a0 .functor BUFT 1, C4<00000>, C4<0>, C4<0>, C4<0>;
v0x12be45050_0 .net/2u *"_ivl_0", 4 0, L_0x1300800a0;  1 drivers
L_0x130080130 .functor BUFT 1, C4<00>, C4<0>, C4<0>, C4<0>;
v0x12be45110_0 .net *"_ivl_11", 1 0, L_0x130080130;  1 drivers
L_0x130080178 .functor BUFT 1, C4<00000>, C4<0>, C4<0>, C4<0>;
v0x12be451b0_0 .net/2u *"_ivl_14", 4 0, L_0x130080178;  1 drivers
v0x12be45260_0 .net *"_ivl_16", 0 0, L_0x12be4e840;  1 drivers
L_0x1300801c0 .functor BUFT 1, C4<00000000000000000000000000000000>, C4<0>, C4<0>, C4<0>;
v0x12be45300_0 .net/2u *"_ivl_18", 31 0, L_0x1300801c0;  1 drivers
v0x12be453f0_0 .net *"_ivl_2", 0 0, L_0x12be4e3e0;  1 drivers
v0x12be45490_0 .net *"_ivl_20", 31 0, L_0x12be4e950;  1 drivers
v0x12be45540_0 .net *"_ivl_22", 6 0, L_0x12be4e9f0;  1 drivers
L_0x130080208 .functor BUFT 1, C4<00>, C4<0>, C4<0>, C4<0>;
v0x12be455f0_0 .net *"_ivl_25", 1 0, L_0x130080208;  1 drivers
L_0x1300800e8 .functor BUFT 1, C4<00000000000000000000000000000000>, C4<0>, C4<0>, C4<0>;
v0x12be45700_0 .net/2u *"_ivl_4", 31 0, L_0x1300800e8;  1 drivers
v0x12be457b0_0 .net *"_ivl_6", 31 0, L_0x12be4e480;  1 drivers
v0x12be45860_0 .net *"_ivl_8", 6 0, L_0x12be4e560;  1 drivers
v0x12be45910_0 .net "clk", 0 0, v0x12be4ced0_0;  alias, 1 drivers
v0x12be459b0_0 .net "rd", 4 0, L_0x12be4ee90;  1 drivers
v0x12be45a60_0 .net "read_data1", 31 0, L_0x12be4e720;  alias, 1 drivers
v0x12be45b20_0 .net "read_data2", 31 0, L_0x12be4ebb0;  alias, 1 drivers
v0x12be45bb0_0 .net "reg_write", 0 0, v0x12be444f0_0;  alias, 1 drivers
v0x12be45d40 .array "rf", 31 0, 31 0;
v0x12be45dd0_0 .net "rs1", 4 0, L_0x12be4ed50;  1 drivers
v0x12be45e60_0 .net "rs2", 4 0, L_0x12be4edf0;  1 drivers
v0x12be45ef0_0 .net "rst_n", 0 0, v0x12be4d660_0;  alias, 1 drivers
v0x12be45f80_0 .net "write_data", 31 0, L_0x12be4f420;  alias, 1 drivers
E_0x12be44d70/0 .event negedge, v0x12be45ef0_0;
E_0x12be44d70/1 .event posedge, v0x12be45910_0;
E_0x12be44d70 .event/or E_0x12be44d70/0, E_0x12be44d70/1;
L_0x12be4e3e0 .cmp/eq 5, L_0x12be4ed50, L_0x1300800a0;
L_0x12be4e480 .array/port v0x12be45d40, L_0x12be4e560;
L_0x12be4e560 .concat [ 5 2 0 0], L_0x12be4ed50, L_0x130080130;
L_0x12be4e720 .functor MUXZ 32, L_0x12be4e480, L_0x1300800e8, L_0x12be4e3e0, C4<>;
L_0x12be4e840 .cmp/eq 5, L_0x12be4edf0, L_0x130080178;
L_0x12be4e950 .array/port v0x12be45d40, L_0x12be4e9f0;
L_0x12be4e9f0 .concat [ 5 2 0 0], L_0x12be4edf0, L_0x130080208;
L_0x12be4ebb0 .functor MUXZ 32, L_0x12be4e950, L_0x1300801c0, L_0x12be4e840, C4<>;
S_0x12be44dc0 .scope begin, "$ivl_for_loop0" "$ivl_for_loop0" 10 26, 10 26 0, S_0x12be44a00;
 .timescale 0 0;
v0x12be44f90_0 .var/2s "i", 31 0;
S_0x12be47730 .scope autotask, "check_results" "check_results" 4 132, 4 132 0, S_0x12be3d7a0;
 .timescale -9 -12;
v0x12be47b40_0 .var/2s "mismatch_count", 31 0;
TD_directed_tb.check_results ;
    %pushi/vec4 0, 0, 32;
    %store/vec4 v0x12be47b40_0, 0, 32;
    %vpi_call/w 4 134 "$display", "\012==============================================" {0 0 0};
    %vpi_call/w 4 135 "$display", "           SCOREBOARD: FINAL CHECK            " {0 0 0};
    %vpi_call/w 4 136 "$display", "==============================================" {0 0 0};
    %fork t_1, S_0x12be478c0;
    %jmp t_0;
    .scope S_0x12be478c0;
t_1 ;
    %pushi/vec4 0, 0, 32;
    %store/vec4 v0x12be47a80_0, 0, 32;
T_0.0 ; Top of for-loop
    %load/vec4 v0x12be47a80_0;
    %cmpi/s 32, 0, 32;
	  %jmp/0xz T_0.1, 5;
    %ix/getv/s 4, v0x12be47a80_0;
    %load/vec4a v0x12be45d40, 4;
    %ix/getv/s 4, v0x12be47a80_0;
    %load/vec4a v0x12be4d550, 4;
    %cmp/ne;
    %jmp/0xz  T_0.3, 6;
    %vpi_call/w 4 139 "$display", "[FAIL] Reg x%-2d = 0x%08h (Expected: 0x%08h)", v0x12be47a80_0, &A<v0x12be45d40, v0x12be47a80_0 >, &A<v0x12be4d550, v0x12be47a80_0 > {0 0 0};
    ; show_stmt_assign_vector: Get l-value for compressed += operand
    %load/vec4 v0x12be47b40_0;
    %pushi/vec4 1, 0, 32;
    %add;
    %cast2;
    %store/vec4 v0x12be47b40_0, 0, 32;
T_0.3 ;
T_0.2 ; for-loop step statement
    ; show_stmt_assign_vector: Get l-value for compressed += operand
    %load/vec4 v0x12be47a80_0;
    %pushi/vec4 1, 0, 32;
    %add;
    %cast2;
    %store/vec4 v0x12be47a80_0, 0, 32;
    %jmp T_0.0;
T_0.1 ; for-loop exit label
    %end;
    .scope S_0x12be47730;
t_0 %join;
    %load/vec4 v0x12be47b40_0;
    %cmpi/e 0, 0, 32;
    %jmp/0xz  T_0.5, 4;
    %vpi_call/w 4 144 "$display", "[TEST PASSED] All 32 registers matched expected state." {0 0 0};
    %jmp T_0.6;
T_0.5 ;
    %vpi_call/w 4 146 "$display", "[TEST FAILED] Total mismatches: %0d", v0x12be47b40_0 {0 0 0};
T_0.6 ;
    %vpi_call/w 4 148 "$display", "==============================================\012" {0 0 0};
    %vpi_call/w 4 149 "$finish" {0 0 0};
    %end;
S_0x12be478c0 .scope autobegin, "$ivl_for_loop2" "$ivl_for_loop2" 4 137, 4 137 0, S_0x12be47730;
 .timescale -9 -12;
v0x12be47a80_0 .var/2s "i", 31 0;
S_0x12be47c00 .scope module, "u_dmem" "dmem" 4 36, 11 1 0, S_0x12be3d7a0;
 .timescale -9 -12;
    .port_info 0 /INPUT 1 "clk";
    .port_info 1 /INPUT 32 "dmem_addr";
    .port_info 2 /INPUT 32 "dmem_wdata";
    .port_info 3 /INPUT 1 "dmem_we";
    .port_info 4 /INPUT 1 "dmem_re";
    .port_info 5 /OUTPUT 32 "dmem_rdata";
P_0x12be47dc0 .param/l "MEM_DEPTH" 1 11 40, +C4<00000000000000000000010000000000>;
v0x12be48070_0 .net *"_ivl_2", 29 0, L_0x12be4d8e0;  1 drivers
L_0x130080010 .functor BUFT 1, C4<00>, C4<0>, C4<0>, C4<0>;
v0x12be48130_0 .net *"_ivl_4", 1 0, L_0x130080010;  1 drivers
v0x12be481d0_0 .net "clk", 0 0, v0x12be4ced0_0;  alias, 1 drivers
v0x12be48260_0 .net "dmem_addr", 31 0, L_0x12be4f120;  alias, 1 drivers
v0x12be482f0_0 .var "dmem_rdata", 31 0;
v0x12be483c0_0 .net "dmem_re", 0 0, L_0x12be4f370;  alias, 1 drivers
v0x12be48470_0 .net "dmem_wdata", 31 0, L_0x12be4f210;  alias, 1 drivers
v0x12be48520_0 .net "dmem_we", 0 0, L_0x12be4f300;  alias, 1 drivers
v0x12be485d0 .array "mem", 1023 0, 31 0;
v0x12be4c6b0_0 .net "word_idx", 31 0, L_0x12be4d980;  1 drivers
v0x12be485d0_0 .array/port v0x12be485d0, 0;
v0x12be485d0_1 .array/port v0x12be485d0, 1;
E_0x12be47fd0/0 .event anyedge, v0x12be468c0_0, v0x12be4c6b0_0, v0x12be485d0_0, v0x12be485d0_1;
v0x12be485d0_2 .array/port v0x12be485d0, 2;
v0x12be485d0_3 .array/port v0x12be485d0, 3;
v0x12be485d0_4 .array/port v0x12be485d0, 4;
v0x12be485d0_5 .array/port v0x12be485d0, 5;
E_0x12be47fd0/1 .event anyedge, v0x12be485d0_2, v0x12be485d0_3, v0x12be485d0_4, v0x12be485d0_5;
v0x12be485d0_6 .array/port v0x12be485d0, 6;
v0x12be485d0_7 .array/port v0x12be485d0, 7;
v0x12be485d0_8 .array/port v0x12be485d0, 8;
v0x12be485d0_9 .array/port v0x12be485d0, 9;
E_0x12be47fd0/2 .event anyedge, v0x12be485d0_6, v0x12be485d0_7, v0x12be485d0_8, v0x12be485d0_9;
v0x12be485d0_10 .array/port v0x12be485d0, 10;
v0x12be485d0_11 .array/port v0x12be485d0, 11;
v0x12be485d0_12 .array/port v0x12be485d0, 12;
v0x12be485d0_13 .array/port v0x12be485d0, 13;
E_0x12be47fd0/3 .event anyedge, v0x12be485d0_10, v0x12be485d0_11, v0x12be485d0_12, v0x12be485d0_13;
v0x12be485d0_14 .array/port v0x12be485d0, 14;
v0x12be485d0_15 .array/port v0x12be485d0, 15;
v0x12be485d0_16 .array/port v0x12be485d0, 16;
v0x12be485d0_17 .array/port v0x12be485d0, 17;
E_0x12be47fd0/4 .event anyedge, v0x12be485d0_14, v0x12be485d0_15, v0x12be485d0_16, v0x12be485d0_17;
v0x12be485d0_18 .array/port v0x12be485d0, 18;
v0x12be485d0_19 .array/port v0x12be485d0, 19;
v0x12be485d0_20 .array/port v0x12be485d0, 20;
v0x12be485d0_21 .array/port v0x12be485d0, 21;
E_0x12be47fd0/5 .event anyedge, v0x12be485d0_18, v0x12be485d0_19, v0x12be485d0_20, v0x12be485d0_21;
v0x12be485d0_22 .array/port v0x12be485d0, 22;
v0x12be485d0_23 .array/port v0x12be485d0, 23;
v0x12be485d0_24 .array/port v0x12be485d0, 24;
v0x12be485d0_25 .array/port v0x12be485d0, 25;
E_0x12be47fd0/6 .event anyedge, v0x12be485d0_22, v0x12be485d0_23, v0x12be485d0_24, v0x12be485d0_25;
v0x12be485d0_26 .array/port v0x12be485d0, 26;
v0x12be485d0_27 .array/port v0x12be485d0, 27;
v0x12be485d0_28 .array/port v0x12be485d0, 28;
v0x12be485d0_29 .array/port v0x12be485d0, 29;
E_0x12be47fd0/7 .event anyedge, v0x12be485d0_26, v0x12be485d0_27, v0x12be485d0_28, v0x12be485d0_29;
v0x12be485d0_30 .array/port v0x12be485d0, 30;
v0x12be485d0_31 .array/port v0x12be485d0, 31;
v0x12be485d0_32 .array/port v0x12be485d0, 32;
v0x12be485d0_33 .array/port v0x12be485d0, 33;
E_0x12be47fd0/8 .event anyedge, v0x12be485d0_30, v0x12be485d0_31, v0x12be485d0_32, v0x12be485d0_33;
v0x12be485d0_34 .array/port v0x12be485d0, 34;
v0x12be485d0_35 .array/port v0x12be485d0, 35;
v0x12be485d0_36 .array/port v0x12be485d0, 36;
v0x12be485d0_37 .array/port v0x12be485d0, 37;
E_0x12be47fd0/9 .event anyedge, v0x12be485d0_34, v0x12be485d0_35, v0x12be485d0_36, v0x12be485d0_37;
v0x12be485d0_38 .array/port v0x12be485d0, 38;
v0x12be485d0_39 .array/port v0x12be485d0, 39;
v0x12be485d0_40 .array/port v0x12be485d0, 40;
v0x12be485d0_41 .array/port v0x12be485d0, 41;
E_0x12be47fd0/10 .event anyedge, v0x12be485d0_38, v0x12be485d0_39, v0x12be485d0_40, v0x12be485d0_41;
v0x12be485d0_42 .array/port v0x12be485d0, 42;
v0x12be485d0_43 .array/port v0x12be485d0, 43;
v0x12be485d0_44 .array/port v0x12be485d0, 44;
v0x12be485d0_45 .array/port v0x12be485d0, 45;
E_0x12be47fd0/11 .event anyedge, v0x12be485d0_42, v0x12be485d0_43, v0x12be485d0_44, v0x12be485d0_45;
v0x12be485d0_46 .array/port v0x12be485d0, 46;
v0x12be485d0_47 .array/port v0x12be485d0, 47;
v0x12be485d0_48 .array/port v0x12be485d0, 48;
v0x12be485d0_49 .array/port v0x12be485d0, 49;
E_0x12be47fd0/12 .event anyedge, v0x12be485d0_46, v0x12be485d0_47, v0x12be485d0_48, v0x12be485d0_49;
v0x12be485d0_50 .array/port v0x12be485d0, 50;
v0x12be485d0_51 .array/port v0x12be485d0, 51;
v0x12be485d0_52 .array/port v0x12be485d0, 52;
v0x12be485d0_53 .array/port v0x12be485d0, 53;
E_0x12be47fd0/13 .event anyedge, v0x12be485d0_50, v0x12be485d0_51, v0x12be485d0_52, v0x12be485d0_53;
v0x12be485d0_54 .array/port v0x12be485d0, 54;
v0x12be485d0_55 .array/port v0x12be485d0, 55;
v0x12be485d0_56 .array/port v0x12be485d0, 56;
v0x12be485d0_57 .array/port v0x12be485d0, 57;
E_0x12be47fd0/14 .event anyedge, v0x12be485d0_54, v0x12be485d0_55, v0x12be485d0_56, v0x12be485d0_57;
v0x12be485d0_58 .array/port v0x12be485d0, 58;
v0x12be485d0_59 .array/port v0x12be485d0, 59;
v0x12be485d0_60 .array/port v0x12be485d0, 60;
v0x12be485d0_61 .array/port v0x12be485d0, 61;
E_0x12be47fd0/15 .event anyedge, v0x12be485d0_58, v0x12be485d0_59, v0x12be485d0_60, v0x12be485d0_61;
v0x12be485d0_62 .array/port v0x12be485d0, 62;
v0x12be485d0_63 .array/port v0x12be485d0, 63;
v0x12be485d0_64 .array/port v0x12be485d0, 64;
v0x12be485d0_65 .array/port v0x12be485d0, 65;
E_0x12be47fd0/16 .event anyedge, v0x12be485d0_62, v0x12be485d0_63, v0x12be485d0_64, v0x12be485d0_65;
v0x12be485d0_66 .array/port v0x12be485d0, 66;
v0x12be485d0_67 .array/port v0x12be485d0, 67;
v0x12be485d0_68 .array/port v0x12be485d0, 68;
v0x12be485d0_69 .array/port v0x12be485d0, 69;
E_0x12be47fd0/17 .event anyedge, v0x12be485d0_66, v0x12be485d0_67, v0x12be485d0_68, v0x12be485d0_69;
v0x12be485d0_70 .array/port v0x12be485d0, 70;
v0x12be485d0_71 .array/port v0x12be485d0, 71;
v0x12be485d0_72 .array/port v0x12be485d0, 72;
v0x12be485d0_73 .array/port v0x12be485d0, 73;
E_0x12be47fd0/18 .event anyedge, v0x12be485d0_70, v0x12be485d0_71, v0x12be485d0_72, v0x12be485d0_73;
v0x12be485d0_74 .array/port v0x12be485d0, 74;
v0x12be485d0_75 .array/port v0x12be485d0, 75;
v0x12be485d0_76 .array/port v0x12be485d0, 76;
v0x12be485d0_77 .array/port v0x12be485d0, 77;
E_0x12be47fd0/19 .event anyedge, v0x12be485d0_74, v0x12be485d0_75, v0x12be485d0_76, v0x12be485d0_77;
v0x12be485d0_78 .array/port v0x12be485d0, 78;
v0x12be485d0_79 .array/port v0x12be485d0, 79;
v0x12be485d0_80 .array/port v0x12be485d0, 80;
v0x12be485d0_81 .array/port v0x12be485d0, 81;
E_0x12be47fd0/20 .event anyedge, v0x12be485d0_78, v0x12be485d0_79, v0x12be485d0_80, v0x12be485d0_81;
v0x12be485d0_82 .array/port v0x12be485d0, 82;
v0x12be485d0_83 .array/port v0x12be485d0, 83;
v0x12be485d0_84 .array/port v0x12be485d0, 84;
v0x12be485d0_85 .array/port v0x12be485d0, 85;
E_0x12be47fd0/21 .event anyedge, v0x12be485d0_82, v0x12be485d0_83, v0x12be485d0_84, v0x12be485d0_85;
v0x12be485d0_86 .array/port v0x12be485d0, 86;
v0x12be485d0_87 .array/port v0x12be485d0, 87;
v0x12be485d0_88 .array/port v0x12be485d0, 88;
v0x12be485d0_89 .array/port v0x12be485d0, 89;
E_0x12be47fd0/22 .event anyedge, v0x12be485d0_86, v0x12be485d0_87, v0x12be485d0_88, v0x12be485d0_89;
v0x12be485d0_90 .array/port v0x12be485d0, 90;
v0x12be485d0_91 .array/port v0x12be485d0, 91;
v0x12be485d0_92 .array/port v0x12be485d0, 92;
v0x12be485d0_93 .array/port v0x12be485d0, 93;
E_0x12be47fd0/23 .event anyedge, v0x12be485d0_90, v0x12be485d0_91, v0x12be485d0_92, v0x12be485d0_93;
v0x12be485d0_94 .array/port v0x12be485d0, 94;
v0x12be485d0_95 .array/port v0x12be485d0, 95;
v0x12be485d0_96 .array/port v0x12be485d0, 96;
v0x12be485d0_97 .array/port v0x12be485d0, 97;
E_0x12be47fd0/24 .event anyedge, v0x12be485d0_94, v0x12be485d0_95, v0x12be485d0_96, v0x12be485d0_97;
v0x12be485d0_98 .array/port v0x12be485d0, 98;
v0x12be485d0_99 .array/port v0x12be485d0, 99;
v0x12be485d0_100 .array/port v0x12be485d0, 100;
v0x12be485d0_101 .array/port v0x12be485d0, 101;
E_0x12be47fd0/25 .event anyedge, v0x12be485d0_98, v0x12be485d0_99, v0x12be485d0_100, v0x12be485d0_101;
v0x12be485d0_102 .array/port v0x12be485d0, 102;
v0x12be485d0_103 .array/port v0x12be485d0, 103;
v0x12be485d0_104 .array/port v0x12be485d0, 104;
v0x12be485d0_105 .array/port v0x12be485d0, 105;
E_0x12be47fd0/26 .event anyedge, v0x12be485d0_102, v0x12be485d0_103, v0x12be485d0_104, v0x12be485d0_105;
v0x12be485d0_106 .array/port v0x12be485d0, 106;
v0x12be485d0_107 .array/port v0x12be485d0, 107;
v0x12be485d0_108 .array/port v0x12be485d0, 108;
v0x12be485d0_109 .array/port v0x12be485d0, 109;
E_0x12be47fd0/27 .event anyedge, v0x12be485d0_106, v0x12be485d0_107, v0x12be485d0_108, v0x12be485d0_109;
v0x12be485d0_110 .array/port v0x12be485d0, 110;
v0x12be485d0_111 .array/port v0x12be485d0, 111;
v0x12be485d0_112 .array/port v0x12be485d0, 112;
v0x12be485d0_113 .array/port v0x12be485d0, 113;
E_0x12be47fd0/28 .event anyedge, v0x12be485d0_110, v0x12be485d0_111, v0x12be485d0_112, v0x12be485d0_113;
v0x12be485d0_114 .array/port v0x12be485d0, 114;
v0x12be485d0_115 .array/port v0x12be485d0, 115;
v0x12be485d0_116 .array/port v0x12be485d0, 116;
v0x12be485d0_117 .array/port v0x12be485d0, 117;
E_0x12be47fd0/29 .event anyedge, v0x12be485d0_114, v0x12be485d0_115, v0x12be485d0_116, v0x12be485d0_117;
v0x12be485d0_118 .array/port v0x12be485d0, 118;
v0x12be485d0_119 .array/port v0x12be485d0, 119;
v0x12be485d0_120 .array/port v0x12be485d0, 120;
v0x12be485d0_121 .array/port v0x12be485d0, 121;
E_0x12be47fd0/30 .event anyedge, v0x12be485d0_118, v0x12be485d0_119, v0x12be485d0_120, v0x12be485d0_121;
v0x12be485d0_122 .array/port v0x12be485d0, 122;
v0x12be485d0_123 .array/port v0x12be485d0, 123;
v0x12be485d0_124 .array/port v0x12be485d0, 124;
v0x12be485d0_125 .array/port v0x12be485d0, 125;
E_0x12be47fd0/31 .event anyedge, v0x12be485d0_122, v0x12be485d0_123, v0x12be485d0_124, v0x12be485d0_125;
v0x12be485d0_126 .array/port v0x12be485d0, 126;
v0x12be485d0_127 .array/port v0x12be485d0, 127;
v0x12be485d0_128 .array/port v0x12be485d0, 128;
v0x12be485d0_129 .array/port v0x12be485d0, 129;
E_0x12be47fd0/32 .event anyedge, v0x12be485d0_126, v0x12be485d0_127, v0x12be485d0_128, v0x12be485d0_129;
v0x12be485d0_130 .array/port v0x12be485d0, 130;
v0x12be485d0_131 .array/port v0x12be485d0, 131;
v0x12be485d0_132 .array/port v0x12be485d0, 132;
v0x12be485d0_133 .array/port v0x12be485d0, 133;
E_0x12be47fd0/33 .event anyedge, v0x12be485d0_130, v0x12be485d0_131, v0x12be485d0_132, v0x12be485d0_133;
v0x12be485d0_134 .array/port v0x12be485d0, 134;
v0x12be485d0_135 .array/port v0x12be485d0, 135;
v0x12be485d0_136 .array/port v0x12be485d0, 136;
v0x12be485d0_137 .array/port v0x12be485d0, 137;
E_0x12be47fd0/34 .event anyedge, v0x12be485d0_134, v0x12be485d0_135, v0x12be485d0_136, v0x12be485d0_137;
v0x12be485d0_138 .array/port v0x12be485d0, 138;
v0x12be485d0_139 .array/port v0x12be485d0, 139;
v0x12be485d0_140 .array/port v0x12be485d0, 140;
v0x12be485d0_141 .array/port v0x12be485d0, 141;
E_0x12be47fd0/35 .event anyedge, v0x12be485d0_138, v0x12be485d0_139, v0x12be485d0_140, v0x12be485d0_141;
v0x12be485d0_142 .array/port v0x12be485d0, 142;
v0x12be485d0_143 .array/port v0x12be485d0, 143;
v0x12be485d0_144 .array/port v0x12be485d0, 144;
v0x12be485d0_145 .array/port v0x12be485d0, 145;
E_0x12be47fd0/36 .event anyedge, v0x12be485d0_142, v0x12be485d0_143, v0x12be485d0_144, v0x12be485d0_145;
v0x12be485d0_146 .array/port v0x12be485d0, 146;
v0x12be485d0_147 .array/port v0x12be485d0, 147;
v0x12be485d0_148 .array/port v0x12be485d0, 148;
v0x12be485d0_149 .array/port v0x12be485d0, 149;
E_0x12be47fd0/37 .event anyedge, v0x12be485d0_146, v0x12be485d0_147, v0x12be485d0_148, v0x12be485d0_149;
v0x12be485d0_150 .array/port v0x12be485d0, 150;
v0x12be485d0_151 .array/port v0x12be485d0, 151;
v0x12be485d0_152 .array/port v0x12be485d0, 152;
v0x12be485d0_153 .array/port v0x12be485d0, 153;
E_0x12be47fd0/38 .event anyedge, v0x12be485d0_150, v0x12be485d0_151, v0x12be485d0_152, v0x12be485d0_153;
v0x12be485d0_154 .array/port v0x12be485d0, 154;
v0x12be485d0_155 .array/port v0x12be485d0, 155;
v0x12be485d0_156 .array/port v0x12be485d0, 156;
v0x12be485d0_157 .array/port v0x12be485d0, 157;
E_0x12be47fd0/39 .event anyedge, v0x12be485d0_154, v0x12be485d0_155, v0x12be485d0_156, v0x12be485d0_157;
v0x12be485d0_158 .array/port v0x12be485d0, 158;
v0x12be485d0_159 .array/port v0x12be485d0, 159;
v0x12be485d0_160 .array/port v0x12be485d0, 160;
v0x12be485d0_161 .array/port v0x12be485d0, 161;
E_0x12be47fd0/40 .event anyedge, v0x12be485d0_158, v0x12be485d0_159, v0x12be485d0_160, v0x12be485d0_161;
v0x12be485d0_162 .array/port v0x12be485d0, 162;
v0x12be485d0_163 .array/port v0x12be485d0, 163;
v0x12be485d0_164 .array/port v0x12be485d0, 164;
v0x12be485d0_165 .array/port v0x12be485d0, 165;
E_0x12be47fd0/41 .event anyedge, v0x12be485d0_162, v0x12be485d0_163, v0x12be485d0_164, v0x12be485d0_165;
v0x12be485d0_166 .array/port v0x12be485d0, 166;
v0x12be485d0_167 .array/port v0x12be485d0, 167;
v0x12be485d0_168 .array/port v0x12be485d0, 168;
v0x12be485d0_169 .array/port v0x12be485d0, 169;
E_0x12be47fd0/42 .event anyedge, v0x12be485d0_166, v0x12be485d0_167, v0x12be485d0_168, v0x12be485d0_169;
v0x12be485d0_170 .array/port v0x12be485d0, 170;
v0x12be485d0_171 .array/port v0x12be485d0, 171;
v0x12be485d0_172 .array/port v0x12be485d0, 172;
v0x12be485d0_173 .array/port v0x12be485d0, 173;
E_0x12be47fd0/43 .event anyedge, v0x12be485d0_170, v0x12be485d0_171, v0x12be485d0_172, v0x12be485d0_173;
v0x12be485d0_174 .array/port v0x12be485d0, 174;
v0x12be485d0_175 .array/port v0x12be485d0, 175;
v0x12be485d0_176 .array/port v0x12be485d0, 176;
v0x12be485d0_177 .array/port v0x12be485d0, 177;
E_0x12be47fd0/44 .event anyedge, v0x12be485d0_174, v0x12be485d0_175, v0x12be485d0_176, v0x12be485d0_177;
v0x12be485d0_178 .array/port v0x12be485d0, 178;
v0x12be485d0_179 .array/port v0x12be485d0, 179;
v0x12be485d0_180 .array/port v0x12be485d0, 180;
v0x12be485d0_181 .array/port v0x12be485d0, 181;
E_0x12be47fd0/45 .event anyedge, v0x12be485d0_178, v0x12be485d0_179, v0x12be485d0_180, v0x12be485d0_181;
v0x12be485d0_182 .array/port v0x12be485d0, 182;
v0x12be485d0_183 .array/port v0x12be485d0, 183;
v0x12be485d0_184 .array/port v0x12be485d0, 184;
v0x12be485d0_185 .array/port v0x12be485d0, 185;
E_0x12be47fd0/46 .event anyedge, v0x12be485d0_182, v0x12be485d0_183, v0x12be485d0_184, v0x12be485d0_185;
v0x12be485d0_186 .array/port v0x12be485d0, 186;
v0x12be485d0_187 .array/port v0x12be485d0, 187;
v0x12be485d0_188 .array/port v0x12be485d0, 188;
v0x12be485d0_189 .array/port v0x12be485d0, 189;
E_0x12be47fd0/47 .event anyedge, v0x12be485d0_186, v0x12be485d0_187, v0x12be485d0_188, v0x12be485d0_189;
v0x12be485d0_190 .array/port v0x12be485d0, 190;
v0x12be485d0_191 .array/port v0x12be485d0, 191;
v0x12be485d0_192 .array/port v0x12be485d0, 192;
v0x12be485d0_193 .array/port v0x12be485d0, 193;
E_0x12be47fd0/48 .event anyedge, v0x12be485d0_190, v0x12be485d0_191, v0x12be485d0_192, v0x12be485d0_193;
v0x12be485d0_194 .array/port v0x12be485d0, 194;
v0x12be485d0_195 .array/port v0x12be485d0, 195;
v0x12be485d0_196 .array/port v0x12be485d0, 196;
v0x12be485d0_197 .array/port v0x12be485d0, 197;
E_0x12be47fd0/49 .event anyedge, v0x12be485d0_194, v0x12be485d0_195, v0x12be485d0_196, v0x12be485d0_197;
v0x12be485d0_198 .array/port v0x12be485d0, 198;
v0x12be485d0_199 .array/port v0x12be485d0, 199;
v0x12be485d0_200 .array/port v0x12be485d0, 200;
v0x12be485d0_201 .array/port v0x12be485d0, 201;
E_0x12be47fd0/50 .event anyedge, v0x12be485d0_198, v0x12be485d0_199, v0x12be485d0_200, v0x12be485d0_201;
v0x12be485d0_202 .array/port v0x12be485d0, 202;
v0x12be485d0_203 .array/port v0x12be485d0, 203;
v0x12be485d0_204 .array/port v0x12be485d0, 204;
v0x12be485d0_205 .array/port v0x12be485d0, 205;
E_0x12be47fd0/51 .event anyedge, v0x12be485d0_202, v0x12be485d0_203, v0x12be485d0_204, v0x12be485d0_205;
v0x12be485d0_206 .array/port v0x12be485d0, 206;
v0x12be485d0_207 .array/port v0x12be485d0, 207;
v0x12be485d0_208 .array/port v0x12be485d0, 208;
v0x12be485d0_209 .array/port v0x12be485d0, 209;
E_0x12be47fd0/52 .event anyedge, v0x12be485d0_206, v0x12be485d0_207, v0x12be485d0_208, v0x12be485d0_209;
v0x12be485d0_210 .array/port v0x12be485d0, 210;
v0x12be485d0_211 .array/port v0x12be485d0, 211;
v0x12be485d0_212 .array/port v0x12be485d0, 212;
v0x12be485d0_213 .array/port v0x12be485d0, 213;
E_0x12be47fd0/53 .event anyedge, v0x12be485d0_210, v0x12be485d0_211, v0x12be485d0_212, v0x12be485d0_213;
v0x12be485d0_214 .array/port v0x12be485d0, 214;
v0x12be485d0_215 .array/port v0x12be485d0, 215;
v0x12be485d0_216 .array/port v0x12be485d0, 216;
v0x12be485d0_217 .array/port v0x12be485d0, 217;
E_0x12be47fd0/54 .event anyedge, v0x12be485d0_214, v0x12be485d0_215, v0x12be485d0_216, v0x12be485d0_217;
v0x12be485d0_218 .array/port v0x12be485d0, 218;
v0x12be485d0_219 .array/port v0x12be485d0, 219;
v0x12be485d0_220 .array/port v0x12be485d0, 220;
v0x12be485d0_221 .array/port v0x12be485d0, 221;
E_0x12be47fd0/55 .event anyedge, v0x12be485d0_218, v0x12be485d0_219, v0x12be485d0_220, v0x12be485d0_221;
v0x12be485d0_222 .array/port v0x12be485d0, 222;
v0x12be485d0_223 .array/port v0x12be485d0, 223;
v0x12be485d0_224 .array/port v0x12be485d0, 224;
v0x12be485d0_225 .array/port v0x12be485d0, 225;
E_0x12be47fd0/56 .event anyedge, v0x12be485d0_222, v0x12be485d0_223, v0x12be485d0_224, v0x12be485d0_225;
v0x12be485d0_226 .array/port v0x12be485d0, 226;
v0x12be485d0_227 .array/port v0x12be485d0, 227;
v0x12be485d0_228 .array/port v0x12be485d0, 228;
v0x12be485d0_229 .array/port v0x12be485d0, 229;
E_0x12be47fd0/57 .event anyedge, v0x12be485d0_226, v0x12be485d0_227, v0x12be485d0_228, v0x12be485d0_229;
v0x12be485d0_230 .array/port v0x12be485d0, 230;
v0x12be485d0_231 .array/port v0x12be485d0, 231;
v0x12be485d0_232 .array/port v0x12be485d0, 232;
v0x12be485d0_233 .array/port v0x12be485d0, 233;
E_0x12be47fd0/58 .event anyedge, v0x12be485d0_230, v0x12be485d0_231, v0x12be485d0_232, v0x12be485d0_233;
v0x12be485d0_234 .array/port v0x12be485d0, 234;
v0x12be485d0_235 .array/port v0x12be485d0, 235;
v0x12be485d0_236 .array/port v0x12be485d0, 236;
v0x12be485d0_237 .array/port v0x12be485d0, 237;
E_0x12be47fd0/59 .event anyedge, v0x12be485d0_234, v0x12be485d0_235, v0x12be485d0_236, v0x12be485d0_237;
v0x12be485d0_238 .array/port v0x12be485d0, 238;
v0x12be485d0_239 .array/port v0x12be485d0, 239;
v0x12be485d0_240 .array/port v0x12be485d0, 240;
v0x12be485d0_241 .array/port v0x12be485d0, 241;
E_0x12be47fd0/60 .event anyedge, v0x12be485d0_238, v0x12be485d0_239, v0x12be485d0_240, v0x12be485d0_241;
v0x12be485d0_242 .array/port v0x12be485d0, 242;
v0x12be485d0_243 .array/port v0x12be485d0, 243;
v0x12be485d0_244 .array/port v0x12be485d0, 244;
v0x12be485d0_245 .array/port v0x12be485d0, 245;
E_0x12be47fd0/61 .event anyedge, v0x12be485d0_242, v0x12be485d0_243, v0x12be485d0_244, v0x12be485d0_245;
v0x12be485d0_246 .array/port v0x12be485d0, 246;
v0x12be485d0_247 .array/port v0x12be485d0, 247;
v0x12be485d0_248 .array/port v0x12be485d0, 248;
v0x12be485d0_249 .array/port v0x12be485d0, 249;
E_0x12be47fd0/62 .event anyedge, v0x12be485d0_246, v0x12be485d0_247, v0x12be485d0_248, v0x12be485d0_249;
v0x12be485d0_250 .array/port v0x12be485d0, 250;
v0x12be485d0_251 .array/port v0x12be485d0, 251;
v0x12be485d0_252 .array/port v0x12be485d0, 252;
v0x12be485d0_253 .array/port v0x12be485d0, 253;
E_0x12be47fd0/63 .event anyedge, v0x12be485d0_250, v0x12be485d0_251, v0x12be485d0_252, v0x12be485d0_253;
v0x12be485d0_254 .array/port v0x12be485d0, 254;
v0x12be485d0_255 .array/port v0x12be485d0, 255;
v0x12be485d0_256 .array/port v0x12be485d0, 256;
v0x12be485d0_257 .array/port v0x12be485d0, 257;
E_0x12be47fd0/64 .event anyedge, v0x12be485d0_254, v0x12be485d0_255, v0x12be485d0_256, v0x12be485d0_257;
v0x12be485d0_258 .array/port v0x12be485d0, 258;
v0x12be485d0_259 .array/port v0x12be485d0, 259;
v0x12be485d0_260 .array/port v0x12be485d0, 260;
v0x12be485d0_261 .array/port v0x12be485d0, 261;
E_0x12be47fd0/65 .event anyedge, v0x12be485d0_258, v0x12be485d0_259, v0x12be485d0_260, v0x12be485d0_261;
v0x12be485d0_262 .array/port v0x12be485d0, 262;
v0x12be485d0_263 .array/port v0x12be485d0, 263;
v0x12be485d0_264 .array/port v0x12be485d0, 264;
v0x12be485d0_265 .array/port v0x12be485d0, 265;
E_0x12be47fd0/66 .event anyedge, v0x12be485d0_262, v0x12be485d0_263, v0x12be485d0_264, v0x12be485d0_265;
v0x12be485d0_266 .array/port v0x12be485d0, 266;
v0x12be485d0_267 .array/port v0x12be485d0, 267;
v0x12be485d0_268 .array/port v0x12be485d0, 268;
v0x12be485d0_269 .array/port v0x12be485d0, 269;
E_0x12be47fd0/67 .event anyedge, v0x12be485d0_266, v0x12be485d0_267, v0x12be485d0_268, v0x12be485d0_269;
v0x12be485d0_270 .array/port v0x12be485d0, 270;
v0x12be485d0_271 .array/port v0x12be485d0, 271;
v0x12be485d0_272 .array/port v0x12be485d0, 272;
v0x12be485d0_273 .array/port v0x12be485d0, 273;
E_0x12be47fd0/68 .event anyedge, v0x12be485d0_270, v0x12be485d0_271, v0x12be485d0_272, v0x12be485d0_273;
v0x12be485d0_274 .array/port v0x12be485d0, 274;
v0x12be485d0_275 .array/port v0x12be485d0, 275;
v0x12be485d0_276 .array/port v0x12be485d0, 276;
v0x12be485d0_277 .array/port v0x12be485d0, 277;
E_0x12be47fd0/69 .event anyedge, v0x12be485d0_274, v0x12be485d0_275, v0x12be485d0_276, v0x12be485d0_277;
v0x12be485d0_278 .array/port v0x12be485d0, 278;
v0x12be485d0_279 .array/port v0x12be485d0, 279;
v0x12be485d0_280 .array/port v0x12be485d0, 280;
v0x12be485d0_281 .array/port v0x12be485d0, 281;
E_0x12be47fd0/70 .event anyedge, v0x12be485d0_278, v0x12be485d0_279, v0x12be485d0_280, v0x12be485d0_281;
v0x12be485d0_282 .array/port v0x12be485d0, 282;
v0x12be485d0_283 .array/port v0x12be485d0, 283;
v0x12be485d0_284 .array/port v0x12be485d0, 284;
v0x12be485d0_285 .array/port v0x12be485d0, 285;
E_0x12be47fd0/71 .event anyedge, v0x12be485d0_282, v0x12be485d0_283, v0x12be485d0_284, v0x12be485d0_285;
v0x12be485d0_286 .array/port v0x12be485d0, 286;
v0x12be485d0_287 .array/port v0x12be485d0, 287;
v0x12be485d0_288 .array/port v0x12be485d0, 288;
v0x12be485d0_289 .array/port v0x12be485d0, 289;
E_0x12be47fd0/72 .event anyedge, v0x12be485d0_286, v0x12be485d0_287, v0x12be485d0_288, v0x12be485d0_289;
v0x12be485d0_290 .array/port v0x12be485d0, 290;
v0x12be485d0_291 .array/port v0x12be485d0, 291;
v0x12be485d0_292 .array/port v0x12be485d0, 292;
v0x12be485d0_293 .array/port v0x12be485d0, 293;
E_0x12be47fd0/73 .event anyedge, v0x12be485d0_290, v0x12be485d0_291, v0x12be485d0_292, v0x12be485d0_293;
v0x12be485d0_294 .array/port v0x12be485d0, 294;
v0x12be485d0_295 .array/port v0x12be485d0, 295;
v0x12be485d0_296 .array/port v0x12be485d0, 296;
v0x12be485d0_297 .array/port v0x12be485d0, 297;
E_0x12be47fd0/74 .event anyedge, v0x12be485d0_294, v0x12be485d0_295, v0x12be485d0_296, v0x12be485d0_297;
v0x12be485d0_298 .array/port v0x12be485d0, 298;
v0x12be485d0_299 .array/port v0x12be485d0, 299;
v0x12be485d0_300 .array/port v0x12be485d0, 300;
v0x12be485d0_301 .array/port v0x12be485d0, 301;
E_0x12be47fd0/75 .event anyedge, v0x12be485d0_298, v0x12be485d0_299, v0x12be485d0_300, v0x12be485d0_301;
v0x12be485d0_302 .array/port v0x12be485d0, 302;
v0x12be485d0_303 .array/port v0x12be485d0, 303;
v0x12be485d0_304 .array/port v0x12be485d0, 304;
v0x12be485d0_305 .array/port v0x12be485d0, 305;
E_0x12be47fd0/76 .event anyedge, v0x12be485d0_302, v0x12be485d0_303, v0x12be485d0_304, v0x12be485d0_305;
v0x12be485d0_306 .array/port v0x12be485d0, 306;
v0x12be485d0_307 .array/port v0x12be485d0, 307;
v0x12be485d0_308 .array/port v0x12be485d0, 308;
v0x12be485d0_309 .array/port v0x12be485d0, 309;
E_0x12be47fd0/77 .event anyedge, v0x12be485d0_306, v0x12be485d0_307, v0x12be485d0_308, v0x12be485d0_309;
v0x12be485d0_310 .array/port v0x12be485d0, 310;
v0x12be485d0_311 .array/port v0x12be485d0, 311;
v0x12be485d0_312 .array/port v0x12be485d0, 312;
v0x12be485d0_313 .array/port v0x12be485d0, 313;
E_0x12be47fd0/78 .event anyedge, v0x12be485d0_310, v0x12be485d0_311, v0x12be485d0_312, v0x12be485d0_313;
v0x12be485d0_314 .array/port v0x12be485d0, 314;
v0x12be485d0_315 .array/port v0x12be485d0, 315;
v0x12be485d0_316 .array/port v0x12be485d0, 316;
v0x12be485d0_317 .array/port v0x12be485d0, 317;
E_0x12be47fd0/79 .event anyedge, v0x12be485d0_314, v0x12be485d0_315, v0x12be485d0_316, v0x12be485d0_317;
v0x12be485d0_318 .array/port v0x12be485d0, 318;
v0x12be485d0_319 .array/port v0x12be485d0, 319;
v0x12be485d0_320 .array/port v0x12be485d0, 320;
v0x12be485d0_321 .array/port v0x12be485d0, 321;
E_0x12be47fd0/80 .event anyedge, v0x12be485d0_318, v0x12be485d0_319, v0x12be485d0_320, v0x12be485d0_321;
v0x12be485d0_322 .array/port v0x12be485d0, 322;
v0x12be485d0_323 .array/port v0x12be485d0, 323;
v0x12be485d0_324 .array/port v0x12be485d0, 324;
v0x12be485d0_325 .array/port v0x12be485d0, 325;
E_0x12be47fd0/81 .event anyedge, v0x12be485d0_322, v0x12be485d0_323, v0x12be485d0_324, v0x12be485d0_325;
v0x12be485d0_326 .array/port v0x12be485d0, 326;
v0x12be485d0_327 .array/port v0x12be485d0, 327;
v0x12be485d0_328 .array/port v0x12be485d0, 328;
v0x12be485d0_329 .array/port v0x12be485d0, 329;
E_0x12be47fd0/82 .event anyedge, v0x12be485d0_326, v0x12be485d0_327, v0x12be485d0_328, v0x12be485d0_329;
v0x12be485d0_330 .array/port v0x12be485d0, 330;
v0x12be485d0_331 .array/port v0x12be485d0, 331;
v0x12be485d0_332 .array/port v0x12be485d0, 332;
v0x12be485d0_333 .array/port v0x12be485d0, 333;
E_0x12be47fd0/83 .event anyedge, v0x12be485d0_330, v0x12be485d0_331, v0x12be485d0_332, v0x12be485d0_333;
v0x12be485d0_334 .array/port v0x12be485d0, 334;
v0x12be485d0_335 .array/port v0x12be485d0, 335;
v0x12be485d0_336 .array/port v0x12be485d0, 336;
v0x12be485d0_337 .array/port v0x12be485d0, 337;
E_0x12be47fd0/84 .event anyedge, v0x12be485d0_334, v0x12be485d0_335, v0x12be485d0_336, v0x12be485d0_337;
v0x12be485d0_338 .array/port v0x12be485d0, 338;
v0x12be485d0_339 .array/port v0x12be485d0, 339;
v0x12be485d0_340 .array/port v0x12be485d0, 340;
v0x12be485d0_341 .array/port v0x12be485d0, 341;
E_0x12be47fd0/85 .event anyedge, v0x12be485d0_338, v0x12be485d0_339, v0x12be485d0_340, v0x12be485d0_341;
v0x12be485d0_342 .array/port v0x12be485d0, 342;
v0x12be485d0_343 .array/port v0x12be485d0, 343;
v0x12be485d0_344 .array/port v0x12be485d0, 344;
v0x12be485d0_345 .array/port v0x12be485d0, 345;
E_0x12be47fd0/86 .event anyedge, v0x12be485d0_342, v0x12be485d0_343, v0x12be485d0_344, v0x12be485d0_345;
v0x12be485d0_346 .array/port v0x12be485d0, 346;
v0x12be485d0_347 .array/port v0x12be485d0, 347;
v0x12be485d0_348 .array/port v0x12be485d0, 348;
v0x12be485d0_349 .array/port v0x12be485d0, 349;
E_0x12be47fd0/87 .event anyedge, v0x12be485d0_346, v0x12be485d0_347, v0x12be485d0_348, v0x12be485d0_349;
v0x12be485d0_350 .array/port v0x12be485d0, 350;
v0x12be485d0_351 .array/port v0x12be485d0, 351;
v0x12be485d0_352 .array/port v0x12be485d0, 352;
v0x12be485d0_353 .array/port v0x12be485d0, 353;
E_0x12be47fd0/88 .event anyedge, v0x12be485d0_350, v0x12be485d0_351, v0x12be485d0_352, v0x12be485d0_353;
v0x12be485d0_354 .array/port v0x12be485d0, 354;
v0x12be485d0_355 .array/port v0x12be485d0, 355;
v0x12be485d0_356 .array/port v0x12be485d0, 356;
v0x12be485d0_357 .array/port v0x12be485d0, 357;
E_0x12be47fd0/89 .event anyedge, v0x12be485d0_354, v0x12be485d0_355, v0x12be485d0_356, v0x12be485d0_357;
v0x12be485d0_358 .array/port v0x12be485d0, 358;
v0x12be485d0_359 .array/port v0x12be485d0, 359;
v0x12be485d0_360 .array/port v0x12be485d0, 360;
v0x12be485d0_361 .array/port v0x12be485d0, 361;
E_0x12be47fd0/90 .event anyedge, v0x12be485d0_358, v0x12be485d0_359, v0x12be485d0_360, v0x12be485d0_361;
v0x12be485d0_362 .array/port v0x12be485d0, 362;
v0x12be485d0_363 .array/port v0x12be485d0, 363;
v0x12be485d0_364 .array/port v0x12be485d0, 364;
v0x12be485d0_365 .array/port v0x12be485d0, 365;
E_0x12be47fd0/91 .event anyedge, v0x12be485d0_362, v0x12be485d0_363, v0x12be485d0_364, v0x12be485d0_365;
v0x12be485d0_366 .array/port v0x12be485d0, 366;
v0x12be485d0_367 .array/port v0x12be485d0, 367;
v0x12be485d0_368 .array/port v0x12be485d0, 368;
v0x12be485d0_369 .array/port v0x12be485d0, 369;
E_0x12be47fd0/92 .event anyedge, v0x12be485d0_366, v0x12be485d0_367, v0x12be485d0_368, v0x12be485d0_369;
v0x12be485d0_370 .array/port v0x12be485d0, 370;
v0x12be485d0_371 .array/port v0x12be485d0, 371;
v0x12be485d0_372 .array/port v0x12be485d0, 372;
v0x12be485d0_373 .array/port v0x12be485d0, 373;
E_0x12be47fd0/93 .event anyedge, v0x12be485d0_370, v0x12be485d0_371, v0x12be485d0_372, v0x12be485d0_373;
v0x12be485d0_374 .array/port v0x12be485d0, 374;
v0x12be485d0_375 .array/port v0x12be485d0, 375;
v0x12be485d0_376 .array/port v0x12be485d0, 376;
v0x12be485d0_377 .array/port v0x12be485d0, 377;
E_0x12be47fd0/94 .event anyedge, v0x12be485d0_374, v0x12be485d0_375, v0x12be485d0_376, v0x12be485d0_377;
v0x12be485d0_378 .array/port v0x12be485d0, 378;
v0x12be485d0_379 .array/port v0x12be485d0, 379;
v0x12be485d0_380 .array/port v0x12be485d0, 380;
v0x12be485d0_381 .array/port v0x12be485d0, 381;
E_0x12be47fd0/95 .event anyedge, v0x12be485d0_378, v0x12be485d0_379, v0x12be485d0_380, v0x12be485d0_381;
v0x12be485d0_382 .array/port v0x12be485d0, 382;
v0x12be485d0_383 .array/port v0x12be485d0, 383;
v0x12be485d0_384 .array/port v0x12be485d0, 384;
v0x12be485d0_385 .array/port v0x12be485d0, 385;
E_0x12be47fd0/96 .event anyedge, v0x12be485d0_382, v0x12be485d0_383, v0x12be485d0_384, v0x12be485d0_385;
v0x12be485d0_386 .array/port v0x12be485d0, 386;
v0x12be485d0_387 .array/port v0x12be485d0, 387;
v0x12be485d0_388 .array/port v0x12be485d0, 388;
v0x12be485d0_389 .array/port v0x12be485d0, 389;
E_0x12be47fd0/97 .event anyedge, v0x12be485d0_386, v0x12be485d0_387, v0x12be485d0_388, v0x12be485d0_389;
v0x12be485d0_390 .array/port v0x12be485d0, 390;
v0x12be485d0_391 .array/port v0x12be485d0, 391;
v0x12be485d0_392 .array/port v0x12be485d0, 392;
v0x12be485d0_393 .array/port v0x12be485d0, 393;
E_0x12be47fd0/98 .event anyedge, v0x12be485d0_390, v0x12be485d0_391, v0x12be485d0_392, v0x12be485d0_393;
v0x12be485d0_394 .array/port v0x12be485d0, 394;
v0x12be485d0_395 .array/port v0x12be485d0, 395;
v0x12be485d0_396 .array/port v0x12be485d0, 396;
v0x12be485d0_397 .array/port v0x12be485d0, 397;
E_0x12be47fd0/99 .event anyedge, v0x12be485d0_394, v0x12be485d0_395, v0x12be485d0_396, v0x12be485d0_397;
v0x12be485d0_398 .array/port v0x12be485d0, 398;
v0x12be485d0_399 .array/port v0x12be485d0, 399;
v0x12be485d0_400 .array/port v0x12be485d0, 400;
v0x12be485d0_401 .array/port v0x12be485d0, 401;
E_0x12be47fd0/100 .event anyedge, v0x12be485d0_398, v0x12be485d0_399, v0x12be485d0_400, v0x12be485d0_401;
v0x12be485d0_402 .array/port v0x12be485d0, 402;
v0x12be485d0_403 .array/port v0x12be485d0, 403;
v0x12be485d0_404 .array/port v0x12be485d0, 404;
v0x12be485d0_405 .array/port v0x12be485d0, 405;
E_0x12be47fd0/101 .event anyedge, v0x12be485d0_402, v0x12be485d0_403, v0x12be485d0_404, v0x12be485d0_405;
v0x12be485d0_406 .array/port v0x12be485d0, 406;
v0x12be485d0_407 .array/port v0x12be485d0, 407;
v0x12be485d0_408 .array/port v0x12be485d0, 408;
v0x12be485d0_409 .array/port v0x12be485d0, 409;
E_0x12be47fd0/102 .event anyedge, v0x12be485d0_406, v0x12be485d0_407, v0x12be485d0_408, v0x12be485d0_409;
v0x12be485d0_410 .array/port v0x12be485d0, 410;
v0x12be485d0_411 .array/port v0x12be485d0, 411;
v0x12be485d0_412 .array/port v0x12be485d0, 412;
v0x12be485d0_413 .array/port v0x12be485d0, 413;
E_0x12be47fd0/103 .event anyedge, v0x12be485d0_410, v0x12be485d0_411, v0x12be485d0_412, v0x12be485d0_413;
v0x12be485d0_414 .array/port v0x12be485d0, 414;
v0x12be485d0_415 .array/port v0x12be485d0, 415;
v0x12be485d0_416 .array/port v0x12be485d0, 416;
v0x12be485d0_417 .array/port v0x12be485d0, 417;
E_0x12be47fd0/104 .event anyedge, v0x12be485d0_414, v0x12be485d0_415, v0x12be485d0_416, v0x12be485d0_417;
v0x12be485d0_418 .array/port v0x12be485d0, 418;
v0x12be485d0_419 .array/port v0x12be485d0, 419;
v0x12be485d0_420 .array/port v0x12be485d0, 420;
v0x12be485d0_421 .array/port v0x12be485d0, 421;
E_0x12be47fd0/105 .event anyedge, v0x12be485d0_418, v0x12be485d0_419, v0x12be485d0_420, v0x12be485d0_421;
v0x12be485d0_422 .array/port v0x12be485d0, 422;
v0x12be485d0_423 .array/port v0x12be485d0, 423;
v0x12be485d0_424 .array/port v0x12be485d0, 424;
v0x12be485d0_425 .array/port v0x12be485d0, 425;
E_0x12be47fd0/106 .event anyedge, v0x12be485d0_422, v0x12be485d0_423, v0x12be485d0_424, v0x12be485d0_425;
v0x12be485d0_426 .array/port v0x12be485d0, 426;
v0x12be485d0_427 .array/port v0x12be485d0, 427;
v0x12be485d0_428 .array/port v0x12be485d0, 428;
v0x12be485d0_429 .array/port v0x12be485d0, 429;
E_0x12be47fd0/107 .event anyedge, v0x12be485d0_426, v0x12be485d0_427, v0x12be485d0_428, v0x12be485d0_429;
v0x12be485d0_430 .array/port v0x12be485d0, 430;
v0x12be485d0_431 .array/port v0x12be485d0, 431;
v0x12be485d0_432 .array/port v0x12be485d0, 432;
v0x12be485d0_433 .array/port v0x12be485d0, 433;
E_0x12be47fd0/108 .event anyedge, v0x12be485d0_430, v0x12be485d0_431, v0x12be485d0_432, v0x12be485d0_433;
v0x12be485d0_434 .array/port v0x12be485d0, 434;
v0x12be485d0_435 .array/port v0x12be485d0, 435;
v0x12be485d0_436 .array/port v0x12be485d0, 436;
v0x12be485d0_437 .array/port v0x12be485d0, 437;
E_0x12be47fd0/109 .event anyedge, v0x12be485d0_434, v0x12be485d0_435, v0x12be485d0_436, v0x12be485d0_437;
v0x12be485d0_438 .array/port v0x12be485d0, 438;
v0x12be485d0_439 .array/port v0x12be485d0, 439;
v0x12be485d0_440 .array/port v0x12be485d0, 440;
v0x12be485d0_441 .array/port v0x12be485d0, 441;
E_0x12be47fd0/110 .event anyedge, v0x12be485d0_438, v0x12be485d0_439, v0x12be485d0_440, v0x12be485d0_441;
v0x12be485d0_442 .array/port v0x12be485d0, 442;
v0x12be485d0_443 .array/port v0x12be485d0, 443;
v0x12be485d0_444 .array/port v0x12be485d0, 444;
v0x12be485d0_445 .array/port v0x12be485d0, 445;
E_0x12be47fd0/111 .event anyedge, v0x12be485d0_442, v0x12be485d0_443, v0x12be485d0_444, v0x12be485d0_445;
v0x12be485d0_446 .array/port v0x12be485d0, 446;
v0x12be485d0_447 .array/port v0x12be485d0, 447;
v0x12be485d0_448 .array/port v0x12be485d0, 448;
v0x12be485d0_449 .array/port v0x12be485d0, 449;
E_0x12be47fd0/112 .event anyedge, v0x12be485d0_446, v0x12be485d0_447, v0x12be485d0_448, v0x12be485d0_449;
v0x12be485d0_450 .array/port v0x12be485d0, 450;
v0x12be485d0_451 .array/port v0x12be485d0, 451;
v0x12be485d0_452 .array/port v0x12be485d0, 452;
v0x12be485d0_453 .array/port v0x12be485d0, 453;
E_0x12be47fd0/113 .event anyedge, v0x12be485d0_450, v0x12be485d0_451, v0x12be485d0_452, v0x12be485d0_453;
v0x12be485d0_454 .array/port v0x12be485d0, 454;
v0x12be485d0_455 .array/port v0x12be485d0, 455;
v0x12be485d0_456 .array/port v0x12be485d0, 456;
v0x12be485d0_457 .array/port v0x12be485d0, 457;
E_0x12be47fd0/114 .event anyedge, v0x12be485d0_454, v0x12be485d0_455, v0x12be485d0_456, v0x12be485d0_457;
v0x12be485d0_458 .array/port v0x12be485d0, 458;
v0x12be485d0_459 .array/port v0x12be485d0, 459;
v0x12be485d0_460 .array/port v0x12be485d0, 460;
v0x12be485d0_461 .array/port v0x12be485d0, 461;
E_0x12be47fd0/115 .event anyedge, v0x12be485d0_458, v0x12be485d0_459, v0x12be485d0_460, v0x12be485d0_461;
v0x12be485d0_462 .array/port v0x12be485d0, 462;
v0x12be485d0_463 .array/port v0x12be485d0, 463;
v0x12be485d0_464 .array/port v0x12be485d0, 464;
v0x12be485d0_465 .array/port v0x12be485d0, 465;
E_0x12be47fd0/116 .event anyedge, v0x12be485d0_462, v0x12be485d0_463, v0x12be485d0_464, v0x12be485d0_465;
v0x12be485d0_466 .array/port v0x12be485d0, 466;
v0x12be485d0_467 .array/port v0x12be485d0, 467;
v0x12be485d0_468 .array/port v0x12be485d0, 468;
v0x12be485d0_469 .array/port v0x12be485d0, 469;
E_0x12be47fd0/117 .event anyedge, v0x12be485d0_466, v0x12be485d0_467, v0x12be485d0_468, v0x12be485d0_469;
v0x12be485d0_470 .array/port v0x12be485d0, 470;
v0x12be485d0_471 .array/port v0x12be485d0, 471;
v0x12be485d0_472 .array/port v0x12be485d0, 472;
v0x12be485d0_473 .array/port v0x12be485d0, 473;
E_0x12be47fd0/118 .event anyedge, v0x12be485d0_470, v0x12be485d0_471, v0x12be485d0_472, v0x12be485d0_473;
v0x12be485d0_474 .array/port v0x12be485d0, 474;
v0x12be485d0_475 .array/port v0x12be485d0, 475;
v0x12be485d0_476 .array/port v0x12be485d0, 476;
v0x12be485d0_477 .array/port v0x12be485d0, 477;
E_0x12be47fd0/119 .event anyedge, v0x12be485d0_474, v0x12be485d0_475, v0x12be485d0_476, v0x12be485d0_477;
v0x12be485d0_478 .array/port v0x12be485d0, 478;
v0x12be485d0_479 .array/port v0x12be485d0, 479;
v0x12be485d0_480 .array/port v0x12be485d0, 480;
v0x12be485d0_481 .array/port v0x12be485d0, 481;
E_0x12be47fd0/120 .event anyedge, v0x12be485d0_478, v0x12be485d0_479, v0x12be485d0_480, v0x12be485d0_481;
v0x12be485d0_482 .array/port v0x12be485d0, 482;
v0x12be485d0_483 .array/port v0x12be485d0, 483;
v0x12be485d0_484 .array/port v0x12be485d0, 484;
v0x12be485d0_485 .array/port v0x12be485d0, 485;
E_0x12be47fd0/121 .event anyedge, v0x12be485d0_482, v0x12be485d0_483, v0x12be485d0_484, v0x12be485d0_485;
v0x12be485d0_486 .array/port v0x12be485d0, 486;
v0x12be485d0_487 .array/port v0x12be485d0, 487;
v0x12be485d0_488 .array/port v0x12be485d0, 488;
v0x12be485d0_489 .array/port v0x12be485d0, 489;
E_0x12be47fd0/122 .event anyedge, v0x12be485d0_486, v0x12be485d0_487, v0x12be485d0_488, v0x12be485d0_489;
v0x12be485d0_490 .array/port v0x12be485d0, 490;
v0x12be485d0_491 .array/port v0x12be485d0, 491;
v0x12be485d0_492 .array/port v0x12be485d0, 492;
v0x12be485d0_493 .array/port v0x12be485d0, 493;
E_0x12be47fd0/123 .event anyedge, v0x12be485d0_490, v0x12be485d0_491, v0x12be485d0_492, v0x12be485d0_493;
v0x12be485d0_494 .array/port v0x12be485d0, 494;
v0x12be485d0_495 .array/port v0x12be485d0, 495;
v0x12be485d0_496 .array/port v0x12be485d0, 496;
v0x12be485d0_497 .array/port v0x12be485d0, 497;
E_0x12be47fd0/124 .event anyedge, v0x12be485d0_494, v0x12be485d0_495, v0x12be485d0_496, v0x12be485d0_497;
v0x12be485d0_498 .array/port v0x12be485d0, 498;
v0x12be485d0_499 .array/port v0x12be485d0, 499;
v0x12be485d0_500 .array/port v0x12be485d0, 500;
v0x12be485d0_501 .array/port v0x12be485d0, 501;
E_0x12be47fd0/125 .event anyedge, v0x12be485d0_498, v0x12be485d0_499, v0x12be485d0_500, v0x12be485d0_501;
v0x12be485d0_502 .array/port v0x12be485d0, 502;
v0x12be485d0_503 .array/port v0x12be485d0, 503;
v0x12be485d0_504 .array/port v0x12be485d0, 504;
v0x12be485d0_505 .array/port v0x12be485d0, 505;
E_0x12be47fd0/126 .event anyedge, v0x12be485d0_502, v0x12be485d0_503, v0x12be485d0_504, v0x12be485d0_505;
v0x12be485d0_506 .array/port v0x12be485d0, 506;
v0x12be485d0_507 .array/port v0x12be485d0, 507;
v0x12be485d0_508 .array/port v0x12be485d0, 508;
v0x12be485d0_509 .array/port v0x12be485d0, 509;
E_0x12be47fd0/127 .event anyedge, v0x12be485d0_506, v0x12be485d0_507, v0x12be485d0_508, v0x12be485d0_509;
v0x12be485d0_510 .array/port v0x12be485d0, 510;
v0x12be485d0_511 .array/port v0x12be485d0, 511;
v0x12be485d0_512 .array/port v0x12be485d0, 512;
v0x12be485d0_513 .array/port v0x12be485d0, 513;
E_0x12be47fd0/128 .event anyedge, v0x12be485d0_510, v0x12be485d0_511, v0x12be485d0_512, v0x12be485d0_513;
v0x12be485d0_514 .array/port v0x12be485d0, 514;
v0x12be485d0_515 .array/port v0x12be485d0, 515;
v0x12be485d0_516 .array/port v0x12be485d0, 516;
v0x12be485d0_517 .array/port v0x12be485d0, 517;
E_0x12be47fd0/129 .event anyedge, v0x12be485d0_514, v0x12be485d0_515, v0x12be485d0_516, v0x12be485d0_517;
v0x12be485d0_518 .array/port v0x12be485d0, 518;
v0x12be485d0_519 .array/port v0x12be485d0, 519;
v0x12be485d0_520 .array/port v0x12be485d0, 520;
v0x12be485d0_521 .array/port v0x12be485d0, 521;
E_0x12be47fd0/130 .event anyedge, v0x12be485d0_518, v0x12be485d0_519, v0x12be485d0_520, v0x12be485d0_521;
v0x12be485d0_522 .array/port v0x12be485d0, 522;
v0x12be485d0_523 .array/port v0x12be485d0, 523;
v0x12be485d0_524 .array/port v0x12be485d0, 524;
v0x12be485d0_525 .array/port v0x12be485d0, 525;
E_0x12be47fd0/131 .event anyedge, v0x12be485d0_522, v0x12be485d0_523, v0x12be485d0_524, v0x12be485d0_525;
v0x12be485d0_526 .array/port v0x12be485d0, 526;
v0x12be485d0_527 .array/port v0x12be485d0, 527;
v0x12be485d0_528 .array/port v0x12be485d0, 528;
v0x12be485d0_529 .array/port v0x12be485d0, 529;
E_0x12be47fd0/132 .event anyedge, v0x12be485d0_526, v0x12be485d0_527, v0x12be485d0_528, v0x12be485d0_529;
v0x12be485d0_530 .array/port v0x12be485d0, 530;
v0x12be485d0_531 .array/port v0x12be485d0, 531;
v0x12be485d0_532 .array/port v0x12be485d0, 532;
v0x12be485d0_533 .array/port v0x12be485d0, 533;
E_0x12be47fd0/133 .event anyedge, v0x12be485d0_530, v0x12be485d0_531, v0x12be485d0_532, v0x12be485d0_533;
v0x12be485d0_534 .array/port v0x12be485d0, 534;
v0x12be485d0_535 .array/port v0x12be485d0, 535;
v0x12be485d0_536 .array/port v0x12be485d0, 536;
v0x12be485d0_537 .array/port v0x12be485d0, 537;
E_0x12be47fd0/134 .event anyedge, v0x12be485d0_534, v0x12be485d0_535, v0x12be485d0_536, v0x12be485d0_537;
v0x12be485d0_538 .array/port v0x12be485d0, 538;
v0x12be485d0_539 .array/port v0x12be485d0, 539;
v0x12be485d0_540 .array/port v0x12be485d0, 540;
v0x12be485d0_541 .array/port v0x12be485d0, 541;
E_0x12be47fd0/135 .event anyedge, v0x12be485d0_538, v0x12be485d0_539, v0x12be485d0_540, v0x12be485d0_541;
v0x12be485d0_542 .array/port v0x12be485d0, 542;
v0x12be485d0_543 .array/port v0x12be485d0, 543;
v0x12be485d0_544 .array/port v0x12be485d0, 544;
v0x12be485d0_545 .array/port v0x12be485d0, 545;
E_0x12be47fd0/136 .event anyedge, v0x12be485d0_542, v0x12be485d0_543, v0x12be485d0_544, v0x12be485d0_545;
v0x12be485d0_546 .array/port v0x12be485d0, 546;
v0x12be485d0_547 .array/port v0x12be485d0, 547;
v0x12be485d0_548 .array/port v0x12be485d0, 548;
v0x12be485d0_549 .array/port v0x12be485d0, 549;
E_0x12be47fd0/137 .event anyedge, v0x12be485d0_546, v0x12be485d0_547, v0x12be485d0_548, v0x12be485d0_549;
v0x12be485d0_550 .array/port v0x12be485d0, 550;
v0x12be485d0_551 .array/port v0x12be485d0, 551;
v0x12be485d0_552 .array/port v0x12be485d0, 552;
v0x12be485d0_553 .array/port v0x12be485d0, 553;
E_0x12be47fd0/138 .event anyedge, v0x12be485d0_550, v0x12be485d0_551, v0x12be485d0_552, v0x12be485d0_553;
v0x12be485d0_554 .array/port v0x12be485d0, 554;
v0x12be485d0_555 .array/port v0x12be485d0, 555;
v0x12be485d0_556 .array/port v0x12be485d0, 556;
v0x12be485d0_557 .array/port v0x12be485d0, 557;
E_0x12be47fd0/139 .event anyedge, v0x12be485d0_554, v0x12be485d0_555, v0x12be485d0_556, v0x12be485d0_557;
v0x12be485d0_558 .array/port v0x12be485d0, 558;
v0x12be485d0_559 .array/port v0x12be485d0, 559;
v0x12be485d0_560 .array/port v0x12be485d0, 560;
v0x12be485d0_561 .array/port v0x12be485d0, 561;
E_0x12be47fd0/140 .event anyedge, v0x12be485d0_558, v0x12be485d0_559, v0x12be485d0_560, v0x12be485d0_561;
v0x12be485d0_562 .array/port v0x12be485d0, 562;
v0x12be485d0_563 .array/port v0x12be485d0, 563;
v0x12be485d0_564 .array/port v0x12be485d0, 564;
v0x12be485d0_565 .array/port v0x12be485d0, 565;
E_0x12be47fd0/141 .event anyedge, v0x12be485d0_562, v0x12be485d0_563, v0x12be485d0_564, v0x12be485d0_565;
v0x12be485d0_566 .array/port v0x12be485d0, 566;
v0x12be485d0_567 .array/port v0x12be485d0, 567;
v0x12be485d0_568 .array/port v0x12be485d0, 568;
v0x12be485d0_569 .array/port v0x12be485d0, 569;
E_0x12be47fd0/142 .event anyedge, v0x12be485d0_566, v0x12be485d0_567, v0x12be485d0_568, v0x12be485d0_569;
v0x12be485d0_570 .array/port v0x12be485d0, 570;
v0x12be485d0_571 .array/port v0x12be485d0, 571;
v0x12be485d0_572 .array/port v0x12be485d0, 572;
v0x12be485d0_573 .array/port v0x12be485d0, 573;
E_0x12be47fd0/143 .event anyedge, v0x12be485d0_570, v0x12be485d0_571, v0x12be485d0_572, v0x12be485d0_573;
v0x12be485d0_574 .array/port v0x12be485d0, 574;
v0x12be485d0_575 .array/port v0x12be485d0, 575;
v0x12be485d0_576 .array/port v0x12be485d0, 576;
v0x12be485d0_577 .array/port v0x12be485d0, 577;
E_0x12be47fd0/144 .event anyedge, v0x12be485d0_574, v0x12be485d0_575, v0x12be485d0_576, v0x12be485d0_577;
v0x12be485d0_578 .array/port v0x12be485d0, 578;
v0x12be485d0_579 .array/port v0x12be485d0, 579;
v0x12be485d0_580 .array/port v0x12be485d0, 580;
v0x12be485d0_581 .array/port v0x12be485d0, 581;
E_0x12be47fd0/145 .event anyedge, v0x12be485d0_578, v0x12be485d0_579, v0x12be485d0_580, v0x12be485d0_581;
v0x12be485d0_582 .array/port v0x12be485d0, 582;
v0x12be485d0_583 .array/port v0x12be485d0, 583;
v0x12be485d0_584 .array/port v0x12be485d0, 584;
v0x12be485d0_585 .array/port v0x12be485d0, 585;
E_0x12be47fd0/146 .event anyedge, v0x12be485d0_582, v0x12be485d0_583, v0x12be485d0_584, v0x12be485d0_585;
v0x12be485d0_586 .array/port v0x12be485d0, 586;
v0x12be485d0_587 .array/port v0x12be485d0, 587;
v0x12be485d0_588 .array/port v0x12be485d0, 588;
v0x12be485d0_589 .array/port v0x12be485d0, 589;
E_0x12be47fd0/147 .event anyedge, v0x12be485d0_586, v0x12be485d0_587, v0x12be485d0_588, v0x12be485d0_589;
v0x12be485d0_590 .array/port v0x12be485d0, 590;
v0x12be485d0_591 .array/port v0x12be485d0, 591;
v0x12be485d0_592 .array/port v0x12be485d0, 592;
v0x12be485d0_593 .array/port v0x12be485d0, 593;
E_0x12be47fd0/148 .event anyedge, v0x12be485d0_590, v0x12be485d0_591, v0x12be485d0_592, v0x12be485d0_593;
v0x12be485d0_594 .array/port v0x12be485d0, 594;
v0x12be485d0_595 .array/port v0x12be485d0, 595;
v0x12be485d0_596 .array/port v0x12be485d0, 596;
v0x12be485d0_597 .array/port v0x12be485d0, 597;
E_0x12be47fd0/149 .event anyedge, v0x12be485d0_594, v0x12be485d0_595, v0x12be485d0_596, v0x12be485d0_597;
v0x12be485d0_598 .array/port v0x12be485d0, 598;
v0x12be485d0_599 .array/port v0x12be485d0, 599;
v0x12be485d0_600 .array/port v0x12be485d0, 600;
v0x12be485d0_601 .array/port v0x12be485d0, 601;
E_0x12be47fd0/150 .event anyedge, v0x12be485d0_598, v0x12be485d0_599, v0x12be485d0_600, v0x12be485d0_601;
v0x12be485d0_602 .array/port v0x12be485d0, 602;
v0x12be485d0_603 .array/port v0x12be485d0, 603;
v0x12be485d0_604 .array/port v0x12be485d0, 604;
v0x12be485d0_605 .array/port v0x12be485d0, 605;
E_0x12be47fd0/151 .event anyedge, v0x12be485d0_602, v0x12be485d0_603, v0x12be485d0_604, v0x12be485d0_605;
v0x12be485d0_606 .array/port v0x12be485d0, 606;
v0x12be485d0_607 .array/port v0x12be485d0, 607;
v0x12be485d0_608 .array/port v0x12be485d0, 608;
v0x12be485d0_609 .array/port v0x12be485d0, 609;
E_0x12be47fd0/152 .event anyedge, v0x12be485d0_606, v0x12be485d0_607, v0x12be485d0_608, v0x12be485d0_609;
v0x12be485d0_610 .array/port v0x12be485d0, 610;
v0x12be485d0_611 .array/port v0x12be485d0, 611;
v0x12be485d0_612 .array/port v0x12be485d0, 612;
v0x12be485d0_613 .array/port v0x12be485d0, 613;
E_0x12be47fd0/153 .event anyedge, v0x12be485d0_610, v0x12be485d0_611, v0x12be485d0_612, v0x12be485d0_613;
v0x12be485d0_614 .array/port v0x12be485d0, 614;
v0x12be485d0_615 .array/port v0x12be485d0, 615;
v0x12be485d0_616 .array/port v0x12be485d0, 616;
v0x12be485d0_617 .array/port v0x12be485d0, 617;
E_0x12be47fd0/154 .event anyedge, v0x12be485d0_614, v0x12be485d0_615, v0x12be485d0_616, v0x12be485d0_617;
v0x12be485d0_618 .array/port v0x12be485d0, 618;
v0x12be485d0_619 .array/port v0x12be485d0, 619;
v0x12be485d0_620 .array/port v0x12be485d0, 620;
v0x12be485d0_621 .array/port v0x12be485d0, 621;
E_0x12be47fd0/155 .event anyedge, v0x12be485d0_618, v0x12be485d0_619, v0x12be485d0_620, v0x12be485d0_621;
v0x12be485d0_622 .array/port v0x12be485d0, 622;
v0x12be485d0_623 .array/port v0x12be485d0, 623;
v0x12be485d0_624 .array/port v0x12be485d0, 624;
v0x12be485d0_625 .array/port v0x12be485d0, 625;
E_0x12be47fd0/156 .event anyedge, v0x12be485d0_622, v0x12be485d0_623, v0x12be485d0_624, v0x12be485d0_625;
v0x12be485d0_626 .array/port v0x12be485d0, 626;
v0x12be485d0_627 .array/port v0x12be485d0, 627;
v0x12be485d0_628 .array/port v0x12be485d0, 628;
v0x12be485d0_629 .array/port v0x12be485d0, 629;
E_0x12be47fd0/157 .event anyedge, v0x12be485d0_626, v0x12be485d0_627, v0x12be485d0_628, v0x12be485d0_629;
v0x12be485d0_630 .array/port v0x12be485d0, 630;
v0x12be485d0_631 .array/port v0x12be485d0, 631;
v0x12be485d0_632 .array/port v0x12be485d0, 632;
v0x12be485d0_633 .array/port v0x12be485d0, 633;
E_0x12be47fd0/158 .event anyedge, v0x12be485d0_630, v0x12be485d0_631, v0x12be485d0_632, v0x12be485d0_633;
v0x12be485d0_634 .array/port v0x12be485d0, 634;
v0x12be485d0_635 .array/port v0x12be485d0, 635;
v0x12be485d0_636 .array/port v0x12be485d0, 636;
v0x12be485d0_637 .array/port v0x12be485d0, 637;
E_0x12be47fd0/159 .event anyedge, v0x12be485d0_634, v0x12be485d0_635, v0x12be485d0_636, v0x12be485d0_637;
v0x12be485d0_638 .array/port v0x12be485d0, 638;
v0x12be485d0_639 .array/port v0x12be485d0, 639;
v0x12be485d0_640 .array/port v0x12be485d0, 640;
v0x12be485d0_641 .array/port v0x12be485d0, 641;
E_0x12be47fd0/160 .event anyedge, v0x12be485d0_638, v0x12be485d0_639, v0x12be485d0_640, v0x12be485d0_641;
v0x12be485d0_642 .array/port v0x12be485d0, 642;
v0x12be485d0_643 .array/port v0x12be485d0, 643;
v0x12be485d0_644 .array/port v0x12be485d0, 644;
v0x12be485d0_645 .array/port v0x12be485d0, 645;
E_0x12be47fd0/161 .event anyedge, v0x12be485d0_642, v0x12be485d0_643, v0x12be485d0_644, v0x12be485d0_645;
v0x12be485d0_646 .array/port v0x12be485d0, 646;
v0x12be485d0_647 .array/port v0x12be485d0, 647;
v0x12be485d0_648 .array/port v0x12be485d0, 648;
v0x12be485d0_649 .array/port v0x12be485d0, 649;
E_0x12be47fd0/162 .event anyedge, v0x12be485d0_646, v0x12be485d0_647, v0x12be485d0_648, v0x12be485d0_649;
v0x12be485d0_650 .array/port v0x12be485d0, 650;
v0x12be485d0_651 .array/port v0x12be485d0, 651;
v0x12be485d0_652 .array/port v0x12be485d0, 652;
v0x12be485d0_653 .array/port v0x12be485d0, 653;
E_0x12be47fd0/163 .event anyedge, v0x12be485d0_650, v0x12be485d0_651, v0x12be485d0_652, v0x12be485d0_653;
v0x12be485d0_654 .array/port v0x12be485d0, 654;
v0x12be485d0_655 .array/port v0x12be485d0, 655;
v0x12be485d0_656 .array/port v0x12be485d0, 656;
v0x12be485d0_657 .array/port v0x12be485d0, 657;
E_0x12be47fd0/164 .event anyedge, v0x12be485d0_654, v0x12be485d0_655, v0x12be485d0_656, v0x12be485d0_657;
v0x12be485d0_658 .array/port v0x12be485d0, 658;
v0x12be485d0_659 .array/port v0x12be485d0, 659;
v0x12be485d0_660 .array/port v0x12be485d0, 660;
v0x12be485d0_661 .array/port v0x12be485d0, 661;
E_0x12be47fd0/165 .event anyedge, v0x12be485d0_658, v0x12be485d0_659, v0x12be485d0_660, v0x12be485d0_661;
v0x12be485d0_662 .array/port v0x12be485d0, 662;
v0x12be485d0_663 .array/port v0x12be485d0, 663;
v0x12be485d0_664 .array/port v0x12be485d0, 664;
v0x12be485d0_665 .array/port v0x12be485d0, 665;
E_0x12be47fd0/166 .event anyedge, v0x12be485d0_662, v0x12be485d0_663, v0x12be485d0_664, v0x12be485d0_665;
v0x12be485d0_666 .array/port v0x12be485d0, 666;
v0x12be485d0_667 .array/port v0x12be485d0, 667;
v0x12be485d0_668 .array/port v0x12be485d0, 668;
v0x12be485d0_669 .array/port v0x12be485d0, 669;
E_0x12be47fd0/167 .event anyedge, v0x12be485d0_666, v0x12be485d0_667, v0x12be485d0_668, v0x12be485d0_669;
v0x12be485d0_670 .array/port v0x12be485d0, 670;
v0x12be485d0_671 .array/port v0x12be485d0, 671;
v0x12be485d0_672 .array/port v0x12be485d0, 672;
v0x12be485d0_673 .array/port v0x12be485d0, 673;
E_0x12be47fd0/168 .event anyedge, v0x12be485d0_670, v0x12be485d0_671, v0x12be485d0_672, v0x12be485d0_673;
v0x12be485d0_674 .array/port v0x12be485d0, 674;
v0x12be485d0_675 .array/port v0x12be485d0, 675;
v0x12be485d0_676 .array/port v0x12be485d0, 676;
v0x12be485d0_677 .array/port v0x12be485d0, 677;
E_0x12be47fd0/169 .event anyedge, v0x12be485d0_674, v0x12be485d0_675, v0x12be485d0_676, v0x12be485d0_677;
v0x12be485d0_678 .array/port v0x12be485d0, 678;
v0x12be485d0_679 .array/port v0x12be485d0, 679;
v0x12be485d0_680 .array/port v0x12be485d0, 680;
v0x12be485d0_681 .array/port v0x12be485d0, 681;
E_0x12be47fd0/170 .event anyedge, v0x12be485d0_678, v0x12be485d0_679, v0x12be485d0_680, v0x12be485d0_681;
v0x12be485d0_682 .array/port v0x12be485d0, 682;
v0x12be485d0_683 .array/port v0x12be485d0, 683;
v0x12be485d0_684 .array/port v0x12be485d0, 684;
v0x12be485d0_685 .array/port v0x12be485d0, 685;
E_0x12be47fd0/171 .event anyedge, v0x12be485d0_682, v0x12be485d0_683, v0x12be485d0_684, v0x12be485d0_685;
v0x12be485d0_686 .array/port v0x12be485d0, 686;
v0x12be485d0_687 .array/port v0x12be485d0, 687;
v0x12be485d0_688 .array/port v0x12be485d0, 688;
v0x12be485d0_689 .array/port v0x12be485d0, 689;
E_0x12be47fd0/172 .event anyedge, v0x12be485d0_686, v0x12be485d0_687, v0x12be485d0_688, v0x12be485d0_689;
v0x12be485d0_690 .array/port v0x12be485d0, 690;
v0x12be485d0_691 .array/port v0x12be485d0, 691;
v0x12be485d0_692 .array/port v0x12be485d0, 692;
v0x12be485d0_693 .array/port v0x12be485d0, 693;
E_0x12be47fd0/173 .event anyedge, v0x12be485d0_690, v0x12be485d0_691, v0x12be485d0_692, v0x12be485d0_693;
v0x12be485d0_694 .array/port v0x12be485d0, 694;
v0x12be485d0_695 .array/port v0x12be485d0, 695;
v0x12be485d0_696 .array/port v0x12be485d0, 696;
v0x12be485d0_697 .array/port v0x12be485d0, 697;
E_0x12be47fd0/174 .event anyedge, v0x12be485d0_694, v0x12be485d0_695, v0x12be485d0_696, v0x12be485d0_697;
v0x12be485d0_698 .array/port v0x12be485d0, 698;
v0x12be485d0_699 .array/port v0x12be485d0, 699;
v0x12be485d0_700 .array/port v0x12be485d0, 700;
v0x12be485d0_701 .array/port v0x12be485d0, 701;
E_0x12be47fd0/175 .event anyedge, v0x12be485d0_698, v0x12be485d0_699, v0x12be485d0_700, v0x12be485d0_701;
v0x12be485d0_702 .array/port v0x12be485d0, 702;
v0x12be485d0_703 .array/port v0x12be485d0, 703;
v0x12be485d0_704 .array/port v0x12be485d0, 704;
v0x12be485d0_705 .array/port v0x12be485d0, 705;
E_0x12be47fd0/176 .event anyedge, v0x12be485d0_702, v0x12be485d0_703, v0x12be485d0_704, v0x12be485d0_705;
v0x12be485d0_706 .array/port v0x12be485d0, 706;
v0x12be485d0_707 .array/port v0x12be485d0, 707;
v0x12be485d0_708 .array/port v0x12be485d0, 708;
v0x12be485d0_709 .array/port v0x12be485d0, 709;
E_0x12be47fd0/177 .event anyedge, v0x12be485d0_706, v0x12be485d0_707, v0x12be485d0_708, v0x12be485d0_709;
v0x12be485d0_710 .array/port v0x12be485d0, 710;
v0x12be485d0_711 .array/port v0x12be485d0, 711;
v0x12be485d0_712 .array/port v0x12be485d0, 712;
v0x12be485d0_713 .array/port v0x12be485d0, 713;
E_0x12be47fd0/178 .event anyedge, v0x12be485d0_710, v0x12be485d0_711, v0x12be485d0_712, v0x12be485d0_713;
v0x12be485d0_714 .array/port v0x12be485d0, 714;
v0x12be485d0_715 .array/port v0x12be485d0, 715;
v0x12be485d0_716 .array/port v0x12be485d0, 716;
v0x12be485d0_717 .array/port v0x12be485d0, 717;
E_0x12be47fd0/179 .event anyedge, v0x12be485d0_714, v0x12be485d0_715, v0x12be485d0_716, v0x12be485d0_717;
v0x12be485d0_718 .array/port v0x12be485d0, 718;
v0x12be485d0_719 .array/port v0x12be485d0, 719;
v0x12be485d0_720 .array/port v0x12be485d0, 720;
v0x12be485d0_721 .array/port v0x12be485d0, 721;
E_0x12be47fd0/180 .event anyedge, v0x12be485d0_718, v0x12be485d0_719, v0x12be485d0_720, v0x12be485d0_721;
v0x12be485d0_722 .array/port v0x12be485d0, 722;
v0x12be485d0_723 .array/port v0x12be485d0, 723;
v0x12be485d0_724 .array/port v0x12be485d0, 724;
v0x12be485d0_725 .array/port v0x12be485d0, 725;
E_0x12be47fd0/181 .event anyedge, v0x12be485d0_722, v0x12be485d0_723, v0x12be485d0_724, v0x12be485d0_725;
v0x12be485d0_726 .array/port v0x12be485d0, 726;
v0x12be485d0_727 .array/port v0x12be485d0, 727;
v0x12be485d0_728 .array/port v0x12be485d0, 728;
v0x12be485d0_729 .array/port v0x12be485d0, 729;
E_0x12be47fd0/182 .event anyedge, v0x12be485d0_726, v0x12be485d0_727, v0x12be485d0_728, v0x12be485d0_729;
v0x12be485d0_730 .array/port v0x12be485d0, 730;
v0x12be485d0_731 .array/port v0x12be485d0, 731;
v0x12be485d0_732 .array/port v0x12be485d0, 732;
v0x12be485d0_733 .array/port v0x12be485d0, 733;
E_0x12be47fd0/183 .event anyedge, v0x12be485d0_730, v0x12be485d0_731, v0x12be485d0_732, v0x12be485d0_733;
v0x12be485d0_734 .array/port v0x12be485d0, 734;
v0x12be485d0_735 .array/port v0x12be485d0, 735;
v0x12be485d0_736 .array/port v0x12be485d0, 736;
v0x12be485d0_737 .array/port v0x12be485d0, 737;
E_0x12be47fd0/184 .event anyedge, v0x12be485d0_734, v0x12be485d0_735, v0x12be485d0_736, v0x12be485d0_737;
v0x12be485d0_738 .array/port v0x12be485d0, 738;
v0x12be485d0_739 .array/port v0x12be485d0, 739;
v0x12be485d0_740 .array/port v0x12be485d0, 740;
v0x12be485d0_741 .array/port v0x12be485d0, 741;
E_0x12be47fd0/185 .event anyedge, v0x12be485d0_738, v0x12be485d0_739, v0x12be485d0_740, v0x12be485d0_741;
v0x12be485d0_742 .array/port v0x12be485d0, 742;
v0x12be485d0_743 .array/port v0x12be485d0, 743;
v0x12be485d0_744 .array/port v0x12be485d0, 744;
v0x12be485d0_745 .array/port v0x12be485d0, 745;
E_0x12be47fd0/186 .event anyedge, v0x12be485d0_742, v0x12be485d0_743, v0x12be485d0_744, v0x12be485d0_745;
v0x12be485d0_746 .array/port v0x12be485d0, 746;
v0x12be485d0_747 .array/port v0x12be485d0, 747;
v0x12be485d0_748 .array/port v0x12be485d0, 748;
v0x12be485d0_749 .array/port v0x12be485d0, 749;
E_0x12be47fd0/187 .event anyedge, v0x12be485d0_746, v0x12be485d0_747, v0x12be485d0_748, v0x12be485d0_749;
v0x12be485d0_750 .array/port v0x12be485d0, 750;
v0x12be485d0_751 .array/port v0x12be485d0, 751;
v0x12be485d0_752 .array/port v0x12be485d0, 752;
v0x12be485d0_753 .array/port v0x12be485d0, 753;
E_0x12be47fd0/188 .event anyedge, v0x12be485d0_750, v0x12be485d0_751, v0x12be485d0_752, v0x12be485d0_753;
v0x12be485d0_754 .array/port v0x12be485d0, 754;
v0x12be485d0_755 .array/port v0x12be485d0, 755;
v0x12be485d0_756 .array/port v0x12be485d0, 756;
v0x12be485d0_757 .array/port v0x12be485d0, 757;
E_0x12be47fd0/189 .event anyedge, v0x12be485d0_754, v0x12be485d0_755, v0x12be485d0_756, v0x12be485d0_757;
v0x12be485d0_758 .array/port v0x12be485d0, 758;
v0x12be485d0_759 .array/port v0x12be485d0, 759;
v0x12be485d0_760 .array/port v0x12be485d0, 760;
v0x12be485d0_761 .array/port v0x12be485d0, 761;
E_0x12be47fd0/190 .event anyedge, v0x12be485d0_758, v0x12be485d0_759, v0x12be485d0_760, v0x12be485d0_761;
v0x12be485d0_762 .array/port v0x12be485d0, 762;
v0x12be485d0_763 .array/port v0x12be485d0, 763;
v0x12be485d0_764 .array/port v0x12be485d0, 764;
v0x12be485d0_765 .array/port v0x12be485d0, 765;
E_0x12be47fd0/191 .event anyedge, v0x12be485d0_762, v0x12be485d0_763, v0x12be485d0_764, v0x12be485d0_765;
v0x12be485d0_766 .array/port v0x12be485d0, 766;
v0x12be485d0_767 .array/port v0x12be485d0, 767;
v0x12be485d0_768 .array/port v0x12be485d0, 768;
v0x12be485d0_769 .array/port v0x12be485d0, 769;
E_0x12be47fd0/192 .event anyedge, v0x12be485d0_766, v0x12be485d0_767, v0x12be485d0_768, v0x12be485d0_769;
v0x12be485d0_770 .array/port v0x12be485d0, 770;
v0x12be485d0_771 .array/port v0x12be485d0, 771;
v0x12be485d0_772 .array/port v0x12be485d0, 772;
v0x12be485d0_773 .array/port v0x12be485d0, 773;
E_0x12be47fd0/193 .event anyedge, v0x12be485d0_770, v0x12be485d0_771, v0x12be485d0_772, v0x12be485d0_773;
v0x12be485d0_774 .array/port v0x12be485d0, 774;
v0x12be485d0_775 .array/port v0x12be485d0, 775;
v0x12be485d0_776 .array/port v0x12be485d0, 776;
v0x12be485d0_777 .array/port v0x12be485d0, 777;
E_0x12be47fd0/194 .event anyedge, v0x12be485d0_774, v0x12be485d0_775, v0x12be485d0_776, v0x12be485d0_777;
v0x12be485d0_778 .array/port v0x12be485d0, 778;
v0x12be485d0_779 .array/port v0x12be485d0, 779;
v0x12be485d0_780 .array/port v0x12be485d0, 780;
v0x12be485d0_781 .array/port v0x12be485d0, 781;
E_0x12be47fd0/195 .event anyedge, v0x12be485d0_778, v0x12be485d0_779, v0x12be485d0_780, v0x12be485d0_781;
v0x12be485d0_782 .array/port v0x12be485d0, 782;
v0x12be485d0_783 .array/port v0x12be485d0, 783;
v0x12be485d0_784 .array/port v0x12be485d0, 784;
v0x12be485d0_785 .array/port v0x12be485d0, 785;
E_0x12be47fd0/196 .event anyedge, v0x12be485d0_782, v0x12be485d0_783, v0x12be485d0_784, v0x12be485d0_785;
v0x12be485d0_786 .array/port v0x12be485d0, 786;
v0x12be485d0_787 .array/port v0x12be485d0, 787;
v0x12be485d0_788 .array/port v0x12be485d0, 788;
v0x12be485d0_789 .array/port v0x12be485d0, 789;
E_0x12be47fd0/197 .event anyedge, v0x12be485d0_786, v0x12be485d0_787, v0x12be485d0_788, v0x12be485d0_789;
v0x12be485d0_790 .array/port v0x12be485d0, 790;
v0x12be485d0_791 .array/port v0x12be485d0, 791;
v0x12be485d0_792 .array/port v0x12be485d0, 792;
v0x12be485d0_793 .array/port v0x12be485d0, 793;
E_0x12be47fd0/198 .event anyedge, v0x12be485d0_790, v0x12be485d0_791, v0x12be485d0_792, v0x12be485d0_793;
v0x12be485d0_794 .array/port v0x12be485d0, 794;
v0x12be485d0_795 .array/port v0x12be485d0, 795;
v0x12be485d0_796 .array/port v0x12be485d0, 796;
v0x12be485d0_797 .array/port v0x12be485d0, 797;
E_0x12be47fd0/199 .event anyedge, v0x12be485d0_794, v0x12be485d0_795, v0x12be485d0_796, v0x12be485d0_797;
v0x12be485d0_798 .array/port v0x12be485d0, 798;
v0x12be485d0_799 .array/port v0x12be485d0, 799;
v0x12be485d0_800 .array/port v0x12be485d0, 800;
v0x12be485d0_801 .array/port v0x12be485d0, 801;
E_0x12be47fd0/200 .event anyedge, v0x12be485d0_798, v0x12be485d0_799, v0x12be485d0_800, v0x12be485d0_801;
v0x12be485d0_802 .array/port v0x12be485d0, 802;
v0x12be485d0_803 .array/port v0x12be485d0, 803;
v0x12be485d0_804 .array/port v0x12be485d0, 804;
v0x12be485d0_805 .array/port v0x12be485d0, 805;
E_0x12be47fd0/201 .event anyedge, v0x12be485d0_802, v0x12be485d0_803, v0x12be485d0_804, v0x12be485d0_805;
v0x12be485d0_806 .array/port v0x12be485d0, 806;
v0x12be485d0_807 .array/port v0x12be485d0, 807;
v0x12be485d0_808 .array/port v0x12be485d0, 808;
v0x12be485d0_809 .array/port v0x12be485d0, 809;
E_0x12be47fd0/202 .event anyedge, v0x12be485d0_806, v0x12be485d0_807, v0x12be485d0_808, v0x12be485d0_809;
v0x12be485d0_810 .array/port v0x12be485d0, 810;
v0x12be485d0_811 .array/port v0x12be485d0, 811;
v0x12be485d0_812 .array/port v0x12be485d0, 812;
v0x12be485d0_813 .array/port v0x12be485d0, 813;
E_0x12be47fd0/203 .event anyedge, v0x12be485d0_810, v0x12be485d0_811, v0x12be485d0_812, v0x12be485d0_813;
v0x12be485d0_814 .array/port v0x12be485d0, 814;
v0x12be485d0_815 .array/port v0x12be485d0, 815;
v0x12be485d0_816 .array/port v0x12be485d0, 816;
v0x12be485d0_817 .array/port v0x12be485d0, 817;
E_0x12be47fd0/204 .event anyedge, v0x12be485d0_814, v0x12be485d0_815, v0x12be485d0_816, v0x12be485d0_817;
v0x12be485d0_818 .array/port v0x12be485d0, 818;
v0x12be485d0_819 .array/port v0x12be485d0, 819;
v0x12be485d0_820 .array/port v0x12be485d0, 820;
v0x12be485d0_821 .array/port v0x12be485d0, 821;
E_0x12be47fd0/205 .event anyedge, v0x12be485d0_818, v0x12be485d0_819, v0x12be485d0_820, v0x12be485d0_821;
v0x12be485d0_822 .array/port v0x12be485d0, 822;
v0x12be485d0_823 .array/port v0x12be485d0, 823;
v0x12be485d0_824 .array/port v0x12be485d0, 824;
v0x12be485d0_825 .array/port v0x12be485d0, 825;
E_0x12be47fd0/206 .event anyedge, v0x12be485d0_822, v0x12be485d0_823, v0x12be485d0_824, v0x12be485d0_825;
v0x12be485d0_826 .array/port v0x12be485d0, 826;
v0x12be485d0_827 .array/port v0x12be485d0, 827;
v0x12be485d0_828 .array/port v0x12be485d0, 828;
v0x12be485d0_829 .array/port v0x12be485d0, 829;
E_0x12be47fd0/207 .event anyedge, v0x12be485d0_826, v0x12be485d0_827, v0x12be485d0_828, v0x12be485d0_829;
v0x12be485d0_830 .array/port v0x12be485d0, 830;
v0x12be485d0_831 .array/port v0x12be485d0, 831;
v0x12be485d0_832 .array/port v0x12be485d0, 832;
v0x12be485d0_833 .array/port v0x12be485d0, 833;
E_0x12be47fd0/208 .event anyedge, v0x12be485d0_830, v0x12be485d0_831, v0x12be485d0_832, v0x12be485d0_833;
v0x12be485d0_834 .array/port v0x12be485d0, 834;
v0x12be485d0_835 .array/port v0x12be485d0, 835;
v0x12be485d0_836 .array/port v0x12be485d0, 836;
v0x12be485d0_837 .array/port v0x12be485d0, 837;
E_0x12be47fd0/209 .event anyedge, v0x12be485d0_834, v0x12be485d0_835, v0x12be485d0_836, v0x12be485d0_837;
v0x12be485d0_838 .array/port v0x12be485d0, 838;
v0x12be485d0_839 .array/port v0x12be485d0, 839;
v0x12be485d0_840 .array/port v0x12be485d0, 840;
v0x12be485d0_841 .array/port v0x12be485d0, 841;
E_0x12be47fd0/210 .event anyedge, v0x12be485d0_838, v0x12be485d0_839, v0x12be485d0_840, v0x12be485d0_841;
v0x12be485d0_842 .array/port v0x12be485d0, 842;
v0x12be485d0_843 .array/port v0x12be485d0, 843;
v0x12be485d0_844 .array/port v0x12be485d0, 844;
v0x12be485d0_845 .array/port v0x12be485d0, 845;
E_0x12be47fd0/211 .event anyedge, v0x12be485d0_842, v0x12be485d0_843, v0x12be485d0_844, v0x12be485d0_845;
v0x12be485d0_846 .array/port v0x12be485d0, 846;
v0x12be485d0_847 .array/port v0x12be485d0, 847;
v0x12be485d0_848 .array/port v0x12be485d0, 848;
v0x12be485d0_849 .array/port v0x12be485d0, 849;
E_0x12be47fd0/212 .event anyedge, v0x12be485d0_846, v0x12be485d0_847, v0x12be485d0_848, v0x12be485d0_849;
v0x12be485d0_850 .array/port v0x12be485d0, 850;
v0x12be485d0_851 .array/port v0x12be485d0, 851;
v0x12be485d0_852 .array/port v0x12be485d0, 852;
v0x12be485d0_853 .array/port v0x12be485d0, 853;
E_0x12be47fd0/213 .event anyedge, v0x12be485d0_850, v0x12be485d0_851, v0x12be485d0_852, v0x12be485d0_853;
v0x12be485d0_854 .array/port v0x12be485d0, 854;
v0x12be485d0_855 .array/port v0x12be485d0, 855;
v0x12be485d0_856 .array/port v0x12be485d0, 856;
v0x12be485d0_857 .array/port v0x12be485d0, 857;
E_0x12be47fd0/214 .event anyedge, v0x12be485d0_854, v0x12be485d0_855, v0x12be485d0_856, v0x12be485d0_857;
v0x12be485d0_858 .array/port v0x12be485d0, 858;
v0x12be485d0_859 .array/port v0x12be485d0, 859;
v0x12be485d0_860 .array/port v0x12be485d0, 860;
v0x12be485d0_861 .array/port v0x12be485d0, 861;
E_0x12be47fd0/215 .event anyedge, v0x12be485d0_858, v0x12be485d0_859, v0x12be485d0_860, v0x12be485d0_861;
v0x12be485d0_862 .array/port v0x12be485d0, 862;
v0x12be485d0_863 .array/port v0x12be485d0, 863;
v0x12be485d0_864 .array/port v0x12be485d0, 864;
v0x12be485d0_865 .array/port v0x12be485d0, 865;
E_0x12be47fd0/216 .event anyedge, v0x12be485d0_862, v0x12be485d0_863, v0x12be485d0_864, v0x12be485d0_865;
v0x12be485d0_866 .array/port v0x12be485d0, 866;
v0x12be485d0_867 .array/port v0x12be485d0, 867;
v0x12be485d0_868 .array/port v0x12be485d0, 868;
v0x12be485d0_869 .array/port v0x12be485d0, 869;
E_0x12be47fd0/217 .event anyedge, v0x12be485d0_866, v0x12be485d0_867, v0x12be485d0_868, v0x12be485d0_869;
v0x12be485d0_870 .array/port v0x12be485d0, 870;
v0x12be485d0_871 .array/port v0x12be485d0, 871;
v0x12be485d0_872 .array/port v0x12be485d0, 872;
v0x12be485d0_873 .array/port v0x12be485d0, 873;
E_0x12be47fd0/218 .event anyedge, v0x12be485d0_870, v0x12be485d0_871, v0x12be485d0_872, v0x12be485d0_873;
v0x12be485d0_874 .array/port v0x12be485d0, 874;
v0x12be485d0_875 .array/port v0x12be485d0, 875;
v0x12be485d0_876 .array/port v0x12be485d0, 876;
v0x12be485d0_877 .array/port v0x12be485d0, 877;
E_0x12be47fd0/219 .event anyedge, v0x12be485d0_874, v0x12be485d0_875, v0x12be485d0_876, v0x12be485d0_877;
v0x12be485d0_878 .array/port v0x12be485d0, 878;
v0x12be485d0_879 .array/port v0x12be485d0, 879;
v0x12be485d0_880 .array/port v0x12be485d0, 880;
v0x12be485d0_881 .array/port v0x12be485d0, 881;
E_0x12be47fd0/220 .event anyedge, v0x12be485d0_878, v0x12be485d0_879, v0x12be485d0_880, v0x12be485d0_881;
v0x12be485d0_882 .array/port v0x12be485d0, 882;
v0x12be485d0_883 .array/port v0x12be485d0, 883;
v0x12be485d0_884 .array/port v0x12be485d0, 884;
v0x12be485d0_885 .array/port v0x12be485d0, 885;
E_0x12be47fd0/221 .event anyedge, v0x12be485d0_882, v0x12be485d0_883, v0x12be485d0_884, v0x12be485d0_885;
v0x12be485d0_886 .array/port v0x12be485d0, 886;
v0x12be485d0_887 .array/port v0x12be485d0, 887;
v0x12be485d0_888 .array/port v0x12be485d0, 888;
v0x12be485d0_889 .array/port v0x12be485d0, 889;
E_0x12be47fd0/222 .event anyedge, v0x12be485d0_886, v0x12be485d0_887, v0x12be485d0_888, v0x12be485d0_889;
v0x12be485d0_890 .array/port v0x12be485d0, 890;
v0x12be485d0_891 .array/port v0x12be485d0, 891;
v0x12be485d0_892 .array/port v0x12be485d0, 892;
v0x12be485d0_893 .array/port v0x12be485d0, 893;
E_0x12be47fd0/223 .event anyedge, v0x12be485d0_890, v0x12be485d0_891, v0x12be485d0_892, v0x12be485d0_893;
v0x12be485d0_894 .array/port v0x12be485d0, 894;
v0x12be485d0_895 .array/port v0x12be485d0, 895;
v0x12be485d0_896 .array/port v0x12be485d0, 896;
v0x12be485d0_897 .array/port v0x12be485d0, 897;
E_0x12be47fd0/224 .event anyedge, v0x12be485d0_894, v0x12be485d0_895, v0x12be485d0_896, v0x12be485d0_897;
v0x12be485d0_898 .array/port v0x12be485d0, 898;
v0x12be485d0_899 .array/port v0x12be485d0, 899;
v0x12be485d0_900 .array/port v0x12be485d0, 900;
v0x12be485d0_901 .array/port v0x12be485d0, 901;
E_0x12be47fd0/225 .event anyedge, v0x12be485d0_898, v0x12be485d0_899, v0x12be485d0_900, v0x12be485d0_901;
v0x12be485d0_902 .array/port v0x12be485d0, 902;
v0x12be485d0_903 .array/port v0x12be485d0, 903;
v0x12be485d0_904 .array/port v0x12be485d0, 904;
v0x12be485d0_905 .array/port v0x12be485d0, 905;
E_0x12be47fd0/226 .event anyedge, v0x12be485d0_902, v0x12be485d0_903, v0x12be485d0_904, v0x12be485d0_905;
v0x12be485d0_906 .array/port v0x12be485d0, 906;
v0x12be485d0_907 .array/port v0x12be485d0, 907;
v0x12be485d0_908 .array/port v0x12be485d0, 908;
v0x12be485d0_909 .array/port v0x12be485d0, 909;
E_0x12be47fd0/227 .event anyedge, v0x12be485d0_906, v0x12be485d0_907, v0x12be485d0_908, v0x12be485d0_909;
v0x12be485d0_910 .array/port v0x12be485d0, 910;
v0x12be485d0_911 .array/port v0x12be485d0, 911;
v0x12be485d0_912 .array/port v0x12be485d0, 912;
v0x12be485d0_913 .array/port v0x12be485d0, 913;
E_0x12be47fd0/228 .event anyedge, v0x12be485d0_910, v0x12be485d0_911, v0x12be485d0_912, v0x12be485d0_913;
v0x12be485d0_914 .array/port v0x12be485d0, 914;
v0x12be485d0_915 .array/port v0x12be485d0, 915;
v0x12be485d0_916 .array/port v0x12be485d0, 916;
v0x12be485d0_917 .array/port v0x12be485d0, 917;
E_0x12be47fd0/229 .event anyedge, v0x12be485d0_914, v0x12be485d0_915, v0x12be485d0_916, v0x12be485d0_917;
v0x12be485d0_918 .array/port v0x12be485d0, 918;
v0x12be485d0_919 .array/port v0x12be485d0, 919;
v0x12be485d0_920 .array/port v0x12be485d0, 920;
v0x12be485d0_921 .array/port v0x12be485d0, 921;
E_0x12be47fd0/230 .event anyedge, v0x12be485d0_918, v0x12be485d0_919, v0x12be485d0_920, v0x12be485d0_921;
v0x12be485d0_922 .array/port v0x12be485d0, 922;
v0x12be485d0_923 .array/port v0x12be485d0, 923;
v0x12be485d0_924 .array/port v0x12be485d0, 924;
v0x12be485d0_925 .array/port v0x12be485d0, 925;
E_0x12be47fd0/231 .event anyedge, v0x12be485d0_922, v0x12be485d0_923, v0x12be485d0_924, v0x12be485d0_925;
v0x12be485d0_926 .array/port v0x12be485d0, 926;
v0x12be485d0_927 .array/port v0x12be485d0, 927;
v0x12be485d0_928 .array/port v0x12be485d0, 928;
v0x12be485d0_929 .array/port v0x12be485d0, 929;
E_0x12be47fd0/232 .event anyedge, v0x12be485d0_926, v0x12be485d0_927, v0x12be485d0_928, v0x12be485d0_929;
v0x12be485d0_930 .array/port v0x12be485d0, 930;
v0x12be485d0_931 .array/port v0x12be485d0, 931;
v0x12be485d0_932 .array/port v0x12be485d0, 932;
v0x12be485d0_933 .array/port v0x12be485d0, 933;
E_0x12be47fd0/233 .event anyedge, v0x12be485d0_930, v0x12be485d0_931, v0x12be485d0_932, v0x12be485d0_933;
v0x12be485d0_934 .array/port v0x12be485d0, 934;
v0x12be485d0_935 .array/port v0x12be485d0, 935;
v0x12be485d0_936 .array/port v0x12be485d0, 936;
v0x12be485d0_937 .array/port v0x12be485d0, 937;
E_0x12be47fd0/234 .event anyedge, v0x12be485d0_934, v0x12be485d0_935, v0x12be485d0_936, v0x12be485d0_937;
v0x12be485d0_938 .array/port v0x12be485d0, 938;
v0x12be485d0_939 .array/port v0x12be485d0, 939;
v0x12be485d0_940 .array/port v0x12be485d0, 940;
v0x12be485d0_941 .array/port v0x12be485d0, 941;
E_0x12be47fd0/235 .event anyedge, v0x12be485d0_938, v0x12be485d0_939, v0x12be485d0_940, v0x12be485d0_941;
v0x12be485d0_942 .array/port v0x12be485d0, 942;
v0x12be485d0_943 .array/port v0x12be485d0, 943;
v0x12be485d0_944 .array/port v0x12be485d0, 944;
v0x12be485d0_945 .array/port v0x12be485d0, 945;
E_0x12be47fd0/236 .event anyedge, v0x12be485d0_942, v0x12be485d0_943, v0x12be485d0_944, v0x12be485d0_945;
v0x12be485d0_946 .array/port v0x12be485d0, 946;
v0x12be485d0_947 .array/port v0x12be485d0, 947;
v0x12be485d0_948 .array/port v0x12be485d0, 948;
v0x12be485d0_949 .array/port v0x12be485d0, 949;
E_0x12be47fd0/237 .event anyedge, v0x12be485d0_946, v0x12be485d0_947, v0x12be485d0_948, v0x12be485d0_949;
v0x12be485d0_950 .array/port v0x12be485d0, 950;
v0x12be485d0_951 .array/port v0x12be485d0, 951;
v0x12be485d0_952 .array/port v0x12be485d0, 952;
v0x12be485d0_953 .array/port v0x12be485d0, 953;
E_0x12be47fd0/238 .event anyedge, v0x12be485d0_950, v0x12be485d0_951, v0x12be485d0_952, v0x12be485d0_953;
v0x12be485d0_954 .array/port v0x12be485d0, 954;
v0x12be485d0_955 .array/port v0x12be485d0, 955;
v0x12be485d0_956 .array/port v0x12be485d0, 956;
v0x12be485d0_957 .array/port v0x12be485d0, 957;
E_0x12be47fd0/239 .event anyedge, v0x12be485d0_954, v0x12be485d0_955, v0x12be485d0_956, v0x12be485d0_957;
v0x12be485d0_958 .array/port v0x12be485d0, 958;
v0x12be485d0_959 .array/port v0x12be485d0, 959;
v0x12be485d0_960 .array/port v0x12be485d0, 960;
v0x12be485d0_961 .array/port v0x12be485d0, 961;
E_0x12be47fd0/240 .event anyedge, v0x12be485d0_958, v0x12be485d0_959, v0x12be485d0_960, v0x12be485d0_961;
v0x12be485d0_962 .array/port v0x12be485d0, 962;
v0x12be485d0_963 .array/port v0x12be485d0, 963;
v0x12be485d0_964 .array/port v0x12be485d0, 964;
v0x12be485d0_965 .array/port v0x12be485d0, 965;
E_0x12be47fd0/241 .event anyedge, v0x12be485d0_962, v0x12be485d0_963, v0x12be485d0_964, v0x12be485d0_965;
v0x12be485d0_966 .array/port v0x12be485d0, 966;
v0x12be485d0_967 .array/port v0x12be485d0, 967;
v0x12be485d0_968 .array/port v0x12be485d0, 968;
v0x12be485d0_969 .array/port v0x12be485d0, 969;
E_0x12be47fd0/242 .event anyedge, v0x12be485d0_966, v0x12be485d0_967, v0x12be485d0_968, v0x12be485d0_969;
v0x12be485d0_970 .array/port v0x12be485d0, 970;
v0x12be485d0_971 .array/port v0x12be485d0, 971;
v0x12be485d0_972 .array/port v0x12be485d0, 972;
v0x12be485d0_973 .array/port v0x12be485d0, 973;
E_0x12be47fd0/243 .event anyedge, v0x12be485d0_970, v0x12be485d0_971, v0x12be485d0_972, v0x12be485d0_973;
v0x12be485d0_974 .array/port v0x12be485d0, 974;
v0x12be485d0_975 .array/port v0x12be485d0, 975;
v0x12be485d0_976 .array/port v0x12be485d0, 976;
v0x12be485d0_977 .array/port v0x12be485d0, 977;
E_0x12be47fd0/244 .event anyedge, v0x12be485d0_974, v0x12be485d0_975, v0x12be485d0_976, v0x12be485d0_977;
v0x12be485d0_978 .array/port v0x12be485d0, 978;
v0x12be485d0_979 .array/port v0x12be485d0, 979;
v0x12be485d0_980 .array/port v0x12be485d0, 980;
v0x12be485d0_981 .array/port v0x12be485d0, 981;
E_0x12be47fd0/245 .event anyedge, v0x12be485d0_978, v0x12be485d0_979, v0x12be485d0_980, v0x12be485d0_981;
v0x12be485d0_982 .array/port v0x12be485d0, 982;
v0x12be485d0_983 .array/port v0x12be485d0, 983;
v0x12be485d0_984 .array/port v0x12be485d0, 984;
v0x12be485d0_985 .array/port v0x12be485d0, 985;
E_0x12be47fd0/246 .event anyedge, v0x12be485d0_982, v0x12be485d0_983, v0x12be485d0_984, v0x12be485d0_985;
v0x12be485d0_986 .array/port v0x12be485d0, 986;
v0x12be485d0_987 .array/port v0x12be485d0, 987;
v0x12be485d0_988 .array/port v0x12be485d0, 988;
v0x12be485d0_989 .array/port v0x12be485d0, 989;
E_0x12be47fd0/247 .event anyedge, v0x12be485d0_986, v0x12be485d0_987, v0x12be485d0_988, v0x12be485d0_989;
v0x12be485d0_990 .array/port v0x12be485d0, 990;
v0x12be485d0_991 .array/port v0x12be485d0, 991;
v0x12be485d0_992 .array/port v0x12be485d0, 992;
v0x12be485d0_993 .array/port v0x12be485d0, 993;
E_0x12be47fd0/248 .event anyedge, v0x12be485d0_990, v0x12be485d0_991, v0x12be485d0_992, v0x12be485d0_993;
v0x12be485d0_994 .array/port v0x12be485d0, 994;
v0x12be485d0_995 .array/port v0x12be485d0, 995;
v0x12be485d0_996 .array/port v0x12be485d0, 996;
v0x12be485d0_997 .array/port v0x12be485d0, 997;
E_0x12be47fd0/249 .event anyedge, v0x12be485d0_994, v0x12be485d0_995, v0x12be485d0_996, v0x12be485d0_997;
v0x12be485d0_998 .array/port v0x12be485d0, 998;
v0x12be485d0_999 .array/port v0x12be485d0, 999;
v0x12be485d0_1000 .array/port v0x12be485d0, 1000;
v0x12be485d0_1001 .array/port v0x12be485d0, 1001;
E_0x12be47fd0/250 .event anyedge, v0x12be485d0_998, v0x12be485d0_999, v0x12be485d0_1000, v0x12be485d0_1001;
v0x12be485d0_1002 .array/port v0x12be485d0, 1002;
v0x12be485d0_1003 .array/port v0x12be485d0, 1003;
v0x12be485d0_1004 .array/port v0x12be485d0, 1004;
v0x12be485d0_1005 .array/port v0x12be485d0, 1005;
E_0x12be47fd0/251 .event anyedge, v0x12be485d0_1002, v0x12be485d0_1003, v0x12be485d0_1004, v0x12be485d0_1005;
v0x12be485d0_1006 .array/port v0x12be485d0, 1006;
v0x12be485d0_1007 .array/port v0x12be485d0, 1007;
v0x12be485d0_1008 .array/port v0x12be485d0, 1008;
v0x12be485d0_1009 .array/port v0x12be485d0, 1009;
E_0x12be47fd0/252 .event anyedge, v0x12be485d0_1006, v0x12be485d0_1007, v0x12be485d0_1008, v0x12be485d0_1009;
v0x12be485d0_1010 .array/port v0x12be485d0, 1010;
v0x12be485d0_1011 .array/port v0x12be485d0, 1011;
v0x12be485d0_1012 .array/port v0x12be485d0, 1012;
v0x12be485d0_1013 .array/port v0x12be485d0, 1013;
E_0x12be47fd0/253 .event anyedge, v0x12be485d0_1010, v0x12be485d0_1011, v0x12be485d0_1012, v0x12be485d0_1013;
v0x12be485d0_1014 .array/port v0x12be485d0, 1014;
v0x12be485d0_1015 .array/port v0x12be485d0, 1015;
v0x12be485d0_1016 .array/port v0x12be485d0, 1016;
v0x12be485d0_1017 .array/port v0x12be485d0, 1017;
E_0x12be47fd0/254 .event anyedge, v0x12be485d0_1014, v0x12be485d0_1015, v0x12be485d0_1016, v0x12be485d0_1017;
v0x12be485d0_1018 .array/port v0x12be485d0, 1018;
v0x12be485d0_1019 .array/port v0x12be485d0, 1019;
v0x12be485d0_1020 .array/port v0x12be485d0, 1020;
v0x12be485d0_1021 .array/port v0x12be485d0, 1021;
E_0x12be47fd0/255 .event anyedge, v0x12be485d0_1018, v0x12be485d0_1019, v0x12be485d0_1020, v0x12be485d0_1021;
v0x12be485d0_1022 .array/port v0x12be485d0, 1022;
v0x12be485d0_1023 .array/port v0x12be485d0, 1023;
E_0x12be47fd0/256 .event anyedge, v0x12be485d0_1022, v0x12be485d0_1023;
E_0x12be47fd0 .event/or E_0x12be47fd0/0, E_0x12be47fd0/1, E_0x12be47fd0/2, E_0x12be47fd0/3, E_0x12be47fd0/4, E_0x12be47fd0/5, E_0x12be47fd0/6, E_0x12be47fd0/7, E_0x12be47fd0/8, E_0x12be47fd0/9, E_0x12be47fd0/10, E_0x12be47fd0/11, E_0x12be47fd0/12, E_0x12be47fd0/13, E_0x12be47fd0/14, E_0x12be47fd0/15, E_0x12be47fd0/16, E_0x12be47fd0/17, E_0x12be47fd0/18, E_0x12be47fd0/19, E_0x12be47fd0/20, E_0x12be47fd0/21, E_0x12be47fd0/22, E_0x12be47fd0/23, E_0x12be47fd0/24, E_0x12be47fd0/25, E_0x12be47fd0/26, E_0x12be47fd0/27, E_0x12be47fd0/28, E_0x12be47fd0/29, E_0x12be47fd0/30, E_0x12be47fd0/31, E_0x12be47fd0/32, E_0x12be47fd0/33, E_0x12be47fd0/34, E_0x12be47fd0/35, E_0x12be47fd0/36, E_0x12be47fd0/37, E_0x12be47fd0/38, E_0x12be47fd0/39, E_0x12be47fd0/40, E_0x12be47fd0/41, E_0x12be47fd0/42, E_0x12be47fd0/43, E_0x12be47fd0/44, E_0x12be47fd0/45, E_0x12be47fd0/46, E_0x12be47fd0/47, E_0x12be47fd0/48, E_0x12be47fd0/49, E_0x12be47fd0/50, E_0x12be47fd0/51, E_0x12be47fd0/52, E_0x12be47fd0/53, E_0x12be47fd0/54, E_0x12be47fd0/55, E_0x12be47fd0/56, E_0x12be47fd0/57, E_0x12be47fd0/58, E_0x12be47fd0/59, E_0x12be47fd0/60, E_0x12be47fd0/61, E_0x12be47fd0/62, E_0x12be47fd0/63, E_0x12be47fd0/64, E_0x12be47fd0/65, E_0x12be47fd0/66, E_0x12be47fd0/67, E_0x12be47fd0/68, E_0x12be47fd0/69, E_0x12be47fd0/70, E_0x12be47fd0/71, E_0x12be47fd0/72, E_0x12be47fd0/73, E_0x12be47fd0/74, E_0x12be47fd0/75, E_0x12be47fd0/76, E_0x12be47fd0/77, E_0x12be47fd0/78, E_0x12be47fd0/79, E_0x12be47fd0/80, E_0x12be47fd0/81, E_0x12be47fd0/82, E_0x12be47fd0/83, E_0x12be47fd0/84, E_0x12be47fd0/85, E_0x12be47fd0/86, E_0x12be47fd0/87, E_0x12be47fd0/88, E_0x12be47fd0/89, E_0x12be47fd0/90, E_0x12be47fd0/91, E_0x12be47fd0/92, E_0x12be47fd0/93, E_0x12be47fd0/94, E_0x12be47fd0/95, E_0x12be47fd0/96, E_0x12be47fd0/97, E_0x12be47fd0/98, E_0x12be47fd0/99, E_0x12be47fd0/100, E_0x12be47fd0/101, E_0x12be47fd0/102, E_0x12be47fd0/103, E_0x12be47fd0/104, E_0x12be47fd0/105, E_0x12be47fd0/106, E_0x12be47fd0/107, E_0x12be47fd0/108, E_0x12be47fd0/109, E_0x12be47fd0/110, E_0x12be47fd0/111, E_0x12be47fd0/112, E_0x12be47fd0/113, E_0x12be47fd0/114, E_0x12be47fd0/115, E_0x12be47fd0/116, E_0x12be47fd0/117, E_0x12be47fd0/118, E_0x12be47fd0/119, E_0x12be47fd0/120, E_0x12be47fd0/121, E_0x12be47fd0/122, E_0x12be47fd0/123, E_0x12be47fd0/124, E_0x12be47fd0/125, E_0x12be47fd0/126, E_0x12be47fd0/127, E_0x12be47fd0/128, E_0x12be47fd0/129, E_0x12be47fd0/130, E_0x12be47fd0/131, E_0x12be47fd0/132, E_0x12be47fd0/133, E_0x12be47fd0/134, E_0x12be47fd0/135, E_0x12be47fd0/136, E_0x12be47fd0/137, E_0x12be47fd0/138, E_0x12be47fd0/139, E_0x12be47fd0/140, E_0x12be47fd0/141, E_0x12be47fd0/142, E_0x12be47fd0/143, E_0x12be47fd0/144, E_0x12be47fd0/145, E_0x12be47fd0/146, E_0x12be47fd0/147, E_0x12be47fd0/148, E_0x12be47fd0/149, E_0x12be47fd0/150, E_0x12be47fd0/151, E_0x12be47fd0/152, E_0x12be47fd0/153, E_0x12be47fd0/154, E_0x12be47fd0/155, E_0x12be47fd0/156, E_0x12be47fd0/157, E_0x12be47fd0/158, E_0x12be47fd0/159, E_0x12be47fd0/160, E_0x12be47fd0/161, E_0x12be47fd0/162, E_0x12be47fd0/163, E_0x12be47fd0/164, E_0x12be47fd0/165, E_0x12be47fd0/166, E_0x12be47fd0/167, E_0x12be47fd0/168, E_0x12be47fd0/169, E_0x12be47fd0/170, E_0x12be47fd0/171, E_0x12be47fd0/172, E_0x12be47fd0/173, E_0x12be47fd0/174, E_0x12be47fd0/175, E_0x12be47fd0/176, E_0x12be47fd0/177, E_0x12be47fd0/178, E_0x12be47fd0/179, E_0x12be47fd0/180, E_0x12be47fd0/181, E_0x12be47fd0/182, E_0x12be47fd0/183, E_0x12be47fd0/184, E_0x12be47fd0/185, E_0x12be47fd0/186, E_0x12be47fd0/187, E_0x12be47fd0/188, E_0x12be47fd0/189, E_0x12be47fd0/190, E_0x12be47fd0/191, E_0x12be47fd0/192, E_0x12be47fd0/193, E_0x12be47fd0/194, E_0x12be47fd0/195, E_0x12be47fd0/196, E_0x12be47fd0/197, E_0x12be47fd0/198, E_0x12be47fd0/199, E_0x12be47fd0/200, E_0x12be47fd0/201, E_0x12be47fd0/202, E_0x12be47fd0/203, E_0x12be47fd0/204, E_0x12be47fd0/205, E_0x12be47fd0/206, E_0x12be47fd0/207, E_0x12be47fd0/208, E_0x12be47fd0/209, E_0x12be47fd0/210, E_0x12be47fd0/211, E_0x12be47fd0/212, E_0x12be47fd0/213, E_0x12be47fd0/214, E_0x12be47fd0/215, E_0x12be47fd0/216, E_0x12be47fd0/217, E_0x12be47fd0/218, E_0x12be47fd0/219, E_0x12be47fd0/220, E_0x12be47fd0/221, E_0x12be47fd0/222, E_0x12be47fd0/223, E_0x12be47fd0/224, E_0x12be47fd0/225, E_0x12be47fd0/226, E_0x12be47fd0/227, E_0x12be47fd0/228, E_0x12be47fd0/229, E_0x12be47fd0/230, E_0x12be47fd0/231, E_0x12be47fd0/232, E_0x12be47fd0/233, E_0x12be47fd0/234, E_0x12be47fd0/235, E_0x12be47fd0/236, E_0x12be47fd0/237, E_0x12be47fd0/238, E_0x12be47fd0/239, E_0x12be47fd0/240, E_0x12be47fd0/241, E_0x12be47fd0/242, E_0x12be47fd0/243, E_0x12be47fd0/244, E_0x12be47fd0/245, E_0x12be47fd0/246, E_0x12be47fd0/247, E_0x12be47fd0/248, E_0x12be47fd0/249, E_0x12be47fd0/250, E_0x12be47fd0/251, E_0x12be47fd0/252, E_0x12be47fd0/253, E_0x12be47fd0/254, E_0x12be47fd0/255, E_0x12be47fd0/256;
E_0x12be48020 .event posedge, v0x12be45910_0;
L_0x12be4d8e0 .part L_0x12be4f120, 2, 30;
L_0x12be4d980 .concat [ 30 2 0 0], L_0x12be4d8e0, L_0x130080010;
S_0x12be4c7f0 .scope module, "u_imem" "imem" 4 31, 12 1 0, S_0x12be3d7a0;
 .timescale -9 -12;
    .port_info 0 /INPUT 32 "imem_addr";
    .port_info 1 /OUTPUT 32 "imem_instr";
P_0x12be4c9b0 .param/str "HEX_PATH" 0 12 5, "../tb/test.hex";
P_0x12be4c9f0 .param/l "MEM_DEPTH" 0 12 4, +C4<00000000000000000000001000000000>;
L_0x12be4d830 .functor BUFZ 32, L_0x12be4d6f0, C4<00000000000000000000000000000000>, C4<00000000000000000000000000000000>, C4<00000000000000000000000000000000>;
v0x12be4cb70_0 .net *"_ivl_0", 31 0, L_0x12be4d6f0;  1 drivers
v0x12be4cc20_0 .net *"_ivl_3", 29 0, L_0x12be4d790;  1 drivers
v0x12be4ccc0_0 .net "imem_addr", 31 0, L_0x12be4e090;  alias, 1 drivers
v0x12be4cd50_0 .net "imem_instr", 31 0, L_0x12be4d830;  alias, 1 drivers
v0x12be4cde0 .array "mem", 511 0, 31 0;
L_0x12be4d6f0 .array/port v0x12be4cde0, L_0x12be4d790;
L_0x12be4d790 .part L_0x12be4e090, 2, 30;
    .scope S_0x12be4c7f0;
T_1 ;
    %vpi_call/w 12 13 "$readmemh", P_0x12be4c9b0, v0x12be4cde0 {0 0 0};
    %end;
    .thread T_1;
    .scope S_0x12be47c00;
T_2 ;
    %wait E_0x12be48020;
    %load/vec4 v0x12be48520_0;
    %flag_set/vec4 8;
    %jmp/0xz  T_2.0, 8;
    %load/vec4 v0x12be4c6b0_0;
    %cmpi/u 1024, 0, 32;
    %jmp/0xz  T_2.2, 5;
    %load/vec4 v0x12be48470_0;
    %ix/getv 3, v0x12be4c6b0_0;
    %ix/load 4, 0, 0; Constant delay
    %assign/vec4/a/d v0x12be485d0, 0, 4;
T_2.2 ;
T_2.0 ;
    %jmp T_2;
    .thread T_2;
    .scope S_0x12be47c00;
T_3 ;
Ewait_0 .event/or E_0x12be47fd0, E_0x0;
    %wait Ewait_0;
    %load/vec4 v0x12be483c0_0;
    %flag_set/vec4 8;
    %jmp/0xz  T_3.0, 8;
    %load/vec4 v0x12be4c6b0_0;
    %cmpi/u 1024, 0, 32;
    %jmp/0xz  T_3.2, 5;
    %ix/getv 4, v0x12be4c6b0_0;
    %load/vec4a v0x12be485d0, 4;
    %store/vec4 v0x12be482f0_0, 0, 32;
    %jmp T_3.3;
T_3.2 ;
    %pushi/vec4 0, 0, 32;
    %store/vec4 v0x12be482f0_0, 0, 32;
T_3.3 ;
    %jmp T_3.1;
T_3.0 ;
    %pushi/vec4 0, 0, 32;
    %store/vec4 v0x12be482f0_0, 0, 32;
T_3.1 ;
    %jmp T_3;
    .thread T_3, $push;
    .scope S_0x12be43cc0;
T_4 ;
Ewait_1 .event/or E_0x12be43fc0, E_0x0;
    %wait Ewait_1;
    %load/vec4 v0x12be44440_0;
    %dup/vec4;
    %pushi/vec4 51, 0, 7;
    %cmp/u;
    %jmp/1 T_4.0, 6;
    %dup/vec4;
    %pushi/vec4 3, 0, 7;
    %cmp/u;
    %jmp/1 T_4.1, 6;
    %dup/vec4;
    %pushi/vec4 35, 0, 7;
    %cmp/u;
    %jmp/1 T_4.2, 6;
    %dup/vec4;
    %pushi/vec4 99, 0, 7;
    %cmp/u;
    %jmp/1 T_4.3, 6;
    %dup/vec4;
    %pushi/vec4 19, 0, 7;
    %cmp/u;
    %jmp/1 T_4.4, 6;
    %pushi/vec4 0, 0, 8;
    %split/vec4 1;
    %store/vec4 v0x12be444f0_0, 0, 1;
    %split/vec4 1;
    %store/vec4 v0x12be440e0_0, 0, 1;
    %split/vec4 1;
    %store/vec4 v0x12be443a0_0, 0, 1;
    %split/vec4 2;
    %store/vec4 v0x12be44010_0, 0, 2;
    %split/vec4 1;
    %store/vec4 v0x12be442c0_0, 0, 1;
    %split/vec4 1;
    %store/vec4 v0x12be44220_0, 0, 1;
    %store/vec4 v0x12be44170_0, 0, 1;
    %jmp T_4.6;
T_4.0 ;
    %pushi/vec4 17, 0, 8;
    %split/vec4 1;
    %store/vec4 v0x12be444f0_0, 0, 1;
    %split/vec4 1;
    %store/vec4 v0x12be440e0_0, 0, 1;
    %split/vec4 1;
    %store/vec4 v0x12be443a0_0, 0, 1;
    %split/vec4 2;
    %store/vec4 v0x12be44010_0, 0, 2;
    %split/vec4 1;
    %store/vec4 v0x12be442c0_0, 0, 1;
    %split/vec4 1;
    %store/vec4 v0x12be44220_0, 0, 1;
    %store/vec4 v0x12be44170_0, 0, 1;
    %jmp T_4.6;
T_4.1 ;
    %pushi/vec4 99, 0, 8;
    %split/vec4 1;
    %store/vec4 v0x12be444f0_0, 0, 1;
    %split/vec4 1;
    %store/vec4 v0x12be440e0_0, 0, 1;
    %split/vec4 1;
    %store/vec4 v0x12be443a0_0, 0, 1;
    %split/vec4 2;
    %store/vec4 v0x12be44010_0, 0, 2;
    %split/vec4 1;
    %store/vec4 v0x12be442c0_0, 0, 1;
    %split/vec4 1;
    %store/vec4 v0x12be44220_0, 0, 1;
    %store/vec4 v0x12be44170_0, 0, 1;
    %jmp T_4.6;
T_4.2 ;
    %pushi/vec4 6, 0, 8;
    %split/vec4 1;
    %store/vec4 v0x12be444f0_0, 0, 1;
    %split/vec4 1;
    %store/vec4 v0x12be440e0_0, 0, 1;
    %split/vec4 1;
    %store/vec4 v0x12be443a0_0, 0, 1;
    %split/vec4 2;
    %store/vec4 v0x12be44010_0, 0, 2;
    %split/vec4 1;
    %store/vec4 v0x12be442c0_0, 0, 1;
    %split/vec4 1;
    %store/vec4 v0x12be44220_0, 0, 1;
    %store/vec4 v0x12be44170_0, 0, 1;
    %jmp T_4.6;
T_4.3 ;
    %pushi/vec4 136, 0, 8;
    %split/vec4 1;
    %store/vec4 v0x12be444f0_0, 0, 1;
    %split/vec4 1;
    %store/vec4 v0x12be440e0_0, 0, 1;
    %split/vec4 1;
    %store/vec4 v0x12be443a0_0, 0, 1;
    %split/vec4 2;
    %store/vec4 v0x12be44010_0, 0, 2;
    %split/vec4 1;
    %store/vec4 v0x12be442c0_0, 0, 1;
    %split/vec4 1;
    %store/vec4 v0x12be44220_0, 0, 1;
    %store/vec4 v0x12be44170_0, 0, 1;
    %jmp T_4.6;
T_4.4 ;
    %pushi/vec4 19, 0, 8;
    %split/vec4 1;
    %store/vec4 v0x12be444f0_0, 0, 1;
    %split/vec4 1;
    %store/vec4 v0x12be440e0_0, 0, 1;
    %split/vec4 1;
    %store/vec4 v0x12be443a0_0, 0, 1;
    %split/vec4 2;
    %store/vec4 v0x12be44010_0, 0, 2;
    %split/vec4 1;
    %store/vec4 v0x12be442c0_0, 0, 1;
    %split/vec4 1;
    %store/vec4 v0x12be44220_0, 0, 1;
    %store/vec4 v0x12be44170_0, 0, 1;
    %jmp T_4.6;
T_4.6 ;
    %pop/vec4 1;
    %jmp T_4;
    .thread T_4, $push;
    .scope S_0x12be43700;
T_5 ;
Ewait_2 .event/or E_0x12be43940, E_0x0;
    %wait Ewait_2;
    %load/vec4 v0x12be43a50_0;
    %parti/s 1, 1, 2;
    %flag_set/vec4 8;
    %jmp/0xz  T_5.0, 8;
    %load/vec4 v0x12be43bb0_0;
    %load/vec4 v0x12be43af0_0;
    %concat/vec4; draw_concat_vec4
    %dup/vec4;
    %pushi/vec4 0, 0, 10;
    %cmp/u;
    %jmp/1 T_5.2, 6;
    %dup/vec4;
    %pushi/vec4 256, 0, 10;
    %cmp/u;
    %jmp/1 T_5.3, 6;
    %dup/vec4;
    %pushi/vec4 7, 0, 10;
    %cmp/u;
    %jmp/1 T_5.4, 6;
    %dup/vec4;
    %pushi/vec4 6, 0, 10;
    %cmp/u;
    %jmp/1 T_5.5, 6;
    %dup/vec4;
    %pushi/vec4 2, 0, 10;
    %cmp/u;
    %jmp/1 T_5.6, 6;
    %pushi/vec4 0, 0, 4;
    %store/vec4 v0x12be439a0_0, 0, 4;
    %jmp T_5.8;
T_5.2 ;
    %pushi/vec4 0, 0, 4;
    %store/vec4 v0x12be439a0_0, 0, 4;
    %jmp T_5.8;
T_5.3 ;
    %pushi/vec4 1, 0, 4;
    %store/vec4 v0x12be439a0_0, 0, 4;
    %jmp T_5.8;
T_5.4 ;
    %pushi/vec4 9, 0, 4;
    %store/vec4 v0x12be439a0_0, 0, 4;
    %jmp T_5.8;
T_5.5 ;
    %pushi/vec4 8, 0, 4;
    %store/vec4 v0x12be439a0_0, 0, 4;
    %jmp T_5.8;
T_5.6 ;
    %pushi/vec4 3, 0, 4;
    %store/vec4 v0x12be439a0_0, 0, 4;
    %jmp T_5.8;
T_5.8 ;
    %pop/vec4 1;
    %jmp T_5.1;
T_5.0 ;
    %load/vec4 v0x12be43a50_0;
    %parti/s 1, 0, 2;
    %flag_set/vec4 8;
    %jmp/0xz  T_5.9, 8;
    %pushi/vec4 1, 0, 4;
    %store/vec4 v0x12be439a0_0, 0, 4;
    %jmp T_5.10;
T_5.9 ;
    %pushi/vec4 0, 0, 4;
    %store/vec4 v0x12be439a0_0, 0, 4;
T_5.10 ;
T_5.1 ;
    %jmp T_5;
    .thread T_5, $push;
    .scope S_0x12be44a00;
T_6 ;
    %wait E_0x12be44d70;
    %load/vec4 v0x12be45ef0_0;
    %nor/r;
    %flag_set/vec4 8;
    %jmp/0xz  T_6.0, 8;
    %fork t_3, S_0x12be44dc0;
    %jmp t_2;
    .scope S_0x12be44dc0;
t_3 ;
    %pushi/vec4 0, 0, 32;
    %store/vec4 v0x12be44f90_0, 0, 32;
T_6.2 ; Top of for-loop
    %load/vec4 v0x12be44f90_0;
    %cmpi/s 32, 0, 32;
	  %jmp/0xz T_6.3, 5;
    %pushi/vec4 0, 0, 32;
    %ix/getv/s 3, v0x12be44f90_0;
    %ix/load 4, 0, 0; Constant delay
    %assign/vec4/a/d v0x12be45d40, 0, 4;
T_6.4 ; for-loop step statement
    ; show_stmt_assign_vector: Get l-value for compressed += operand
    %load/vec4 v0x12be44f90_0;
    %pushi/vec4 1, 0, 32;
    %add;
    %cast2;
    %store/vec4 v0x12be44f90_0, 0, 32;
    %jmp T_6.2;
T_6.3 ; for-loop exit label
    %end;
    .scope S_0x12be44a00;
t_2 %join;
    %jmp T_6.1;
T_6.0 ;
    %load/vec4 v0x12be45bb0_0;
    %flag_set/vec4 9;
    %flag_get/vec4 9;
    %jmp/0 T_6.7, 9;
    %load/vec4 v0x12be459b0_0;
    %pushi/vec4 0, 0, 5;
    %cmp/ne;
    %flag_get/vec4 4;
    %and;
T_6.7;
    %flag_set/vec4 8;
    %jmp/0xz  T_6.5, 8;
    %load/vec4 v0x12be45f80_0;
    %load/vec4 v0x12be459b0_0;
    %pad/u 7;
    %ix/vec4 3;
    %ix/load 4, 0, 0; Constant delay
    %assign/vec4/a/d v0x12be45d40, 0, 4;
T_6.5 ;
T_6.1 ;
    %jmp T_6;
    .thread T_6;
    .scope S_0x12be42fc0;
T_7 ;
Ewait_3 .event/or E_0x12be43250, E_0x0;
    %wait Ewait_3;
    %load/vec4 v0x12be43430_0;
    %dup/vec4;
    %pushi/vec4 0, 0, 4;
    %cmp/u;
    %jmp/1 T_7.0, 6;
    %dup/vec4;
    %pushi/vec4 1, 0, 4;
    %cmp/u;
    %jmp/1 T_7.1, 6;
    %dup/vec4;
    %pushi/vec4 2, 0, 4;
    %cmp/u;
    %jmp/1 T_7.2, 6;
    %dup/vec4;
    %pushi/vec4 3, 0, 4;
    %cmp/u;
    %jmp/1 T_7.3, 6;
    %dup/vec4;
    %pushi/vec4 4, 0, 4;
    %cmp/u;
    %jmp/1 T_7.4, 6;
    %dup/vec4;
    %pushi/vec4 6, 0, 4;
    %cmp/u;
    %jmp/1 T_7.5, 6;
    %dup/vec4;
    %pushi/vec4 7, 0, 4;
    %cmp/u;
    %jmp/1 T_7.6, 6;
    %dup/vec4;
    %pushi/vec4 8, 0, 4;
    %cmp/u;
    %jmp/1 T_7.7, 6;
    %dup/vec4;
    %pushi/vec4 9, 0, 4;
    %cmp/u;
    %jmp/1 T_7.8, 6;
    %dup/vec4;
    %pushi/vec4 5, 0, 4;
    %cmp/u;
    %jmp/1 T_7.9, 6;
    %dup/vec4;
    %pushi/vec4 10, 0, 4;
    %cmp/u;
    %jmp/1 T_7.10, 6;
    %pushi/vec4 0, 0, 32;
    %store/vec4 v0x12be434f0_0, 0, 32;
    %jmp T_7.12;
T_7.0 ;
    %load/vec4 v0x12be432c0_0;
    %load/vec4 v0x12be43380_0;
    %add;
    %store/vec4 v0x12be434f0_0, 0, 32;
    %jmp T_7.12;
T_7.1 ;
    %load/vec4 v0x12be432c0_0;
    %load/vec4 v0x12be43380_0;
    %sub;
    %store/vec4 v0x12be434f0_0, 0, 32;
    %jmp T_7.12;
T_7.2 ;
    %load/vec4 v0x12be432c0_0;
    %load/vec4 v0x12be43380_0;
    %parti/s 5, 0, 2;
    %ix/vec4 4;
    %shiftl 4;
    %store/vec4 v0x12be434f0_0, 0, 32;
    %jmp T_7.12;
T_7.3 ;
    %load/vec4 v0x12be432c0_0;
    %load/vec4 v0x12be43380_0;
    %cmp/s;
    %flag_get/vec4 5;
    %pad/u 32;
    %store/vec4 v0x12be434f0_0, 0, 32;
    %jmp T_7.12;
T_7.4 ;
    %load/vec4 v0x12be432c0_0;
    %load/vec4 v0x12be43380_0;
    %cmp/u;
    %flag_get/vec4 5;
    %pad/u 32;
    %store/vec4 v0x12be434f0_0, 0, 32;
    %jmp T_7.12;
T_7.5 ;
    %load/vec4 v0x12be432c0_0;
    %load/vec4 v0x12be43380_0;
    %parti/s 5, 0, 2;
    %ix/vec4 4;
    %shiftr 4;
    %store/vec4 v0x12be434f0_0, 0, 32;
    %jmp T_7.12;
T_7.6 ;
    %load/vec4 v0x12be432c0_0;
    %load/vec4 v0x12be43380_0;
    %parti/s 5, 0, 2;
    %ix/vec4 4;
    %shiftr/s 4;
    %store/vec4 v0x12be434f0_0, 0, 32;
    %jmp T_7.12;
T_7.7 ;
    %load/vec4 v0x12be432c0_0;
    %load/vec4 v0x12be43380_0;
    %or;
    %store/vec4 v0x12be434f0_0, 0, 32;
    %jmp T_7.12;
T_7.8 ;
    %load/vec4 v0x12be432c0_0;
    %load/vec4 v0x12be43380_0;
    %and;
    %store/vec4 v0x12be434f0_0, 0, 32;
    %jmp T_7.12;
T_7.9 ;
    %load/vec4 v0x12be432c0_0;
    %load/vec4 v0x12be43380_0;
    %xor;
    %store/vec4 v0x12be434f0_0, 0, 32;
    %jmp T_7.12;
T_7.10 ;
    %load/vec4 v0x12be43380_0;
    %store/vec4 v0x12be434f0_0, 0, 32;
    %jmp T_7.12;
T_7.12 ;
    %pop/vec4 1;
    %load/vec4 v0x12be434f0_0;
    %pushi/vec4 0, 0, 32;
    %cmp/e;
    %flag_get/vec4 4;
    %store/vec4 v0x12be435a0_0, 0, 1;
    %jmp T_7;
    .thread T_7, $push;
    .scope S_0x12be44650;
T_8 ;
Ewait_4 .event/or E_0x12be44810, E_0x0;
    %wait Ewait_4;
    %load/vec4 v0x12be44860_0;
    %parti/s 7, 0, 2;
    %dup/vec4;
    %pushi/vec4 19, 0, 7;
    %cmp/u;
    %jmp/1 T_8.0, 6;
    %dup/vec4;
    %pushi/vec4 103, 0, 7;
    %cmp/u;
    %jmp/1 T_8.1, 6;
    %dup/vec4;
    %pushi/vec4 3, 0, 7;
    %cmp/u;
    %jmp/1 T_8.2, 6;
    %dup/vec4;
    %pushi/vec4 35, 0, 7;
    %cmp/u;
    %jmp/1 T_8.3, 6;
    %dup/vec4;
    %pushi/vec4 99, 0, 7;
    %cmp/u;
    %jmp/1 T_8.4, 6;
    %pushi/vec4 0, 0, 32;
    %store/vec4 v0x12be44920_0, 0, 32;
    %jmp T_8.6;
T_8.0 ;
    %load/vec4 v0x12be44860_0;
    %parti/s 1, 31, 6;
    %replicate 20;
    %load/vec4 v0x12be44860_0;
    %parti/s 12, 20, 6;
    %concat/vec4; draw_concat_vec4
    %store/vec4 v0x12be44920_0, 0, 32;
    %jmp T_8.6;
T_8.1 ;
    %load/vec4 v0x12be44860_0;
    %parti/s 1, 31, 6;
    %replicate 20;
    %load/vec4 v0x12be44860_0;
    %parti/s 12, 20, 6;
    %concat/vec4; draw_concat_vec4
    %store/vec4 v0x12be44920_0, 0, 32;
    %jmp T_8.6;
T_8.2 ;
    %load/vec4 v0x12be44860_0;
    %parti/s 1, 31, 6;
    %replicate 20;
    %load/vec4 v0x12be44860_0;
    %parti/s 12, 20, 6;
    %concat/vec4; draw_concat_vec4
    %store/vec4 v0x12be44920_0, 0, 32;
    %jmp T_8.6;
T_8.3 ;
    %load/vec4 v0x12be44860_0;
    %parti/s 1, 31, 6;
    %replicate 20;
    %load/vec4 v0x12be44860_0;
    %parti/s 7, 25, 6;
    %concat/vec4; draw_concat_vec4
    %load/vec4 v0x12be44860_0;
    %parti/s 5, 7, 4;
    %concat/vec4; draw_concat_vec4
    %store/vec4 v0x12be44920_0, 0, 32;
    %jmp T_8.6;
T_8.4 ;
    %load/vec4 v0x12be44860_0;
    %parti/s 1, 31, 6;
    %replicate 19;
    %load/vec4 v0x12be44860_0;
    %parti/s 1, 31, 6;
    %concat/vec4; draw_concat_vec4
    %load/vec4 v0x12be44860_0;
    %parti/s 1, 7, 4;
    %concat/vec4; draw_concat_vec4
    %load/vec4 v0x12be44860_0;
    %parti/s 6, 25, 6;
    %concat/vec4; draw_concat_vec4
    %load/vec4 v0x12be44860_0;
    %parti/s 4, 8, 5;
    %concat/vec4; draw_concat_vec4
    %concati/vec4 0, 0, 1;
    %store/vec4 v0x12be44920_0, 0, 32;
    %jmp T_8.6;
T_8.6 ;
    %pop/vec4 1;
    %jmp T_8;
    .thread T_8, $push;
    .scope S_0x12be42c80;
T_9 ;
    %wait E_0x12be44d70;
    %load/vec4 v0x12be47480_0;
    %nor/r;
    %flag_set/vec4 8;
    %jmp/0xz  T_9.0, 8;
    %pushi/vec4 0, 0, 32;
    %assign/vec4 v0x12be46fc0_0, 0;
    %jmp T_9.1;
T_9.0 ;
    %load/vec4 v0x12be47050_0;
    %assign/vec4 v0x12be46fc0_0, 0;
T_9.1 ;
    %jmp T_9;
    .thread T_9;
    .scope S_0x12be3d7a0;
T_10 ;
    %pushi/vec4 0, 0, 1;
    %store/vec4 v0x12be4ced0_0, 0, 1;
    %end;
    .thread T_10;
    .scope S_0x12be3d7a0;
T_11 ;
    %delay 5000, 0;
    %load/vec4 v0x12be4ced0_0;
    %inv;
    %store/vec4 v0x12be4ced0_0, 0, 1;
    %jmp T_11;
    .thread T_11;
    .scope S_0x12be3d7a0;
T_12 ;
    %pushi/vec4 0, 0, 1;
    %store/vec4 v0x12be4d660_0, 0, 1;
    %delay 25000, 0;
    %wait E_0x12be3a590;
    %pushi/vec4 1, 0, 1;
    %store/vec4 v0x12be4d660_0, 0, 1;
    %end;
    .thread T_12;
    .scope S_0x12be3d7a0;
T_13 ;
    %vpi_call/w 4 61 "$dumpfile", "directed_tb.vcd" {0 0 0};
    %vpi_call/w 4 62 "$dumpvars", 32'sb00000000000000000000000000000000, S_0x12be3d7a0 {0 0 0};
    %delay 50000000, 0;
    %vpi_call/w 4 64 "$display", "[TB ERROR] Simulation timeout reached!" {0 0 0};
    %vpi_call/w 4 65 "$finish" {0 0 0};
    %end;
    .thread T_13;
    .scope S_0x12be3d7a0;
T_14 ;
    %wait E_0x12be48020;
    %load/vec4 v0x12be4d660_0;
    %flag_set/vec4 8;
    %jmp/0xz  T_14.0, 8;
    %vpi_call/w 4 72 "$display", "[TIME %0t ns] PC: 0x%08h | Instr: 0x%08h | RegWrite: %b (x%0d <= 0x%08h) | MemWrite: %b ([0x%08h] <= 0x%08h)", $time, v0x12be4d3b0_0, v0x12be4d480_0, v0x12be47240_0, v0x12be459b0_0, v0x12be47530_0, v0x12be4d2e0_0, v0x12be4cf60_0, v0x12be4d1d0_0 {0 0 0};
T_14.0 ;
    %jmp T_14;
    .thread T_14;
    .scope S_0x12be3d7a0;
T_15 ;
    %wait E_0x12be48020;
    %load/vec4 v0x12be4d660_0;
    %flag_set/vec4 8;
    %jmp/0xz  T_15.0, 8;
    %load/vec4 v0x12be4d480_0;
    %cmpi/e 0, 0, 32;
    %jmp/0xz  T_15.2, 4;
    %vpi_call/w 4 89 "$display", "\012[TB INFO] End-of-Test instruction detected at PC = 0x%08h", v0x12be4d3b0_0 {0 0 0};
    %wait E_0x12be48020;
    %delay 1000, 0;
    %alloc S_0x12be47730;
    %fork TD_directed_tb.check_results, S_0x12be47730;
    %join;
    %free S_0x12be47730;
T_15.2 ;
T_15.0 ;
    %jmp T_15;
    .thread T_15;
    .scope S_0x12be3d7a0;
T_16 ;
    %fork t_5, S_0x12be3d910;
    %jmp t_4;
    .scope S_0x12be3d910;
t_5 ;
    %pushi/vec4 0, 0, 32;
    %store/vec4 v0x12be3aa60_0, 0, 32;
T_16.0 ; Top of for-loop
    %load/vec4 v0x12be3aa60_0;
    %cmpi/s 32, 0, 32;
	  %jmp/0xz T_16.1, 5;
    %pushi/vec4 0, 0, 32;
    %ix/getv/s 4, v0x12be3aa60_0;
    %store/vec4a v0x12be4d550, 4, 0;
T_16.2 ; for-loop step statement
    ; show_stmt_assign_vector: Get l-value for compressed += operand
    %load/vec4 v0x12be3aa60_0;
    %pushi/vec4 1, 0, 32;
    %add;
    %cast2;
    %store/vec4 v0x12be3aa60_0, 0, 32;
    %jmp T_16.0;
T_16.1 ; for-loop exit label
    %end;
    .scope S_0x12be3d7a0;
t_4 %join;
    %pushi/vec4 256, 0, 32;
    %ix/load 4, 1, 0;
    %flag_set/imm 4, 0;
    %store/vec4a v0x12be4d550, 4, 0;
    %pushi/vec4 15, 0, 32;
    %ix/load 4, 2, 0;
    %flag_set/imm 4, 0;
    %store/vec4a v0x12be4d550, 4, 0;
    %pushi/vec4 7, 0, 32;
    %ix/load 4, 3, 0;
    %flag_set/imm 4, 0;
    %store/vec4a v0x12be4d550, 4, 0;
    %pushi/vec4 15, 0, 32;
    %ix/load 4, 4, 0;
    %flag_set/imm 4, 0;
    %store/vec4a v0x12be4d550, 4, 0;
    %pushi/vec4 22, 0, 32;
    %ix/load 4, 5, 0;
    %flag_set/imm 4, 0;
    %store/vec4a v0x12be4d550, 4, 0;
    %pushi/vec4 15, 0, 32;
    %ix/load 4, 6, 0;
    %flag_set/imm 4, 0;
    %store/vec4a v0x12be4d550, 4, 0;
    %pushi/vec4 6, 0, 32;
    %ix/load 4, 7, 0;
    %flag_set/imm 4, 0;
    %store/vec4a v0x12be4d550, 4, 0;
    %pushi/vec4 31, 0, 32;
    %ix/load 4, 8, 0;
    %flag_set/imm 4, 0;
    %store/vec4a v0x12be4d550, 4, 0;
    %pushi/vec4 1, 0, 32;
    %ix/load 4, 9, 0;
    %flag_set/imm 4, 0;
    %store/vec4a v0x12be4d550, 4, 0;
    %pushi/vec4 0, 0, 32;
    %ix/load 4, 10, 0;
    %flag_set/imm 4, 0;
    %store/vec4a v0x12be4d550, 4, 0;
    %pushi/vec4 11, 0, 32;
    %ix/load 4, 11, 0;
    %flag_set/imm 4, 0;
    %store/vec4a v0x12be4d550, 4, 0;
    %pushi/vec4 42, 0, 32;
    %ix/load 4, 12, 0;
    %flag_set/imm 4, 0;
    %store/vec4a v0x12be4d550, 4, 0;
    %end;
    .thread T_16;
# The file index is used to find the file name in the following table.
:file_names 13;
    "N/A";
    "<interactive>";
    "-";
    "rtl/common/rv32i_pkg.sv";
    "tb/directed_tb.sv";
    "rtl/single_cycle/core_single.sv";
    "rtl/common/alu.sv";
    "rtl/common/alu_control.sv";
    "rtl/common/control_unit.sv";
    "rtl/common/imm_gen.sv";
    "rtl/common/reg_file.sv";
    "tb/dmem.sv";
    "tb/imem.sv";
